ASIN,Product Title,Outlier Weeks,Total Adjustments
B09L9DY4L1,Z690 AERO G DDR4,"[Timestamp('2025-06-08 00:00:00'), Timestamp('2025-06-15 00:00:00'), Timestamp('2025-07-06 00:00:00')]",3
B09L9DY4L1,Z690 AERO G DDR4,"[Timestamp('2025-06-08 00:00:00'), Timestamp('2025-06-15 00:00:00'), Timestamp('2025-07-06 00:00:00')]",3
B08KGVH7YC,B550 AORUS ELITE AX V2,"[Timestamp('2025-06-08 00:00:00'), Timestamp('2025-07-06 00:00:00')]",2
B08KGVH7YC,B550 AORUS ELITE AX V2,"[Timestamp('2025-06-08 00:00:00'), Timestamp('2025-07-06 00:00:00')]",2
B083NMK4BB,B660M DS3H AX DDR4,"[Timestamp('2025-02-23 00:00:00'), Timestamp('2025-03-02 00:00:00'), Timestamp('2025-03-09 00:00:00'), Timestamp('2025-03-23 00:00:00'), Timestamp('2025-03-30 00:00:00'), Timestamp('2025-04-06 00:00:00'), Timestamp('2025-04-13 00:00:00'), Timestamp('2025-04-20 00:00:00'), Timestamp('2025-04-27 00:00:00'), Timestamp('2025-05-04 00:00:00'), Timestamp('2025-05-11 00:00:00'), Timestamp('2025-05-18 00:00:00'), Timestamp('2025-05-25 00:00:00'), Timestamp('2025-06-01 00:00:00')]",14
B083NMK4BB,B660M DS3H AX DDR4,"[Timestamp('2025-02-23 00:00:00'), Timestamp('2025-03-02 00:00:00'), Timestamp('2025-03-09 00:00:00'), Timestamp('2025-03-23 00:00:00'), Timestamp('2025-03-30 00:00:00'), Timestamp('2025-04-06 00:00:00'), Timestamp('2025-04-13 00:00:00'), Timestamp('2025-04-20 00:00:00'), Timestamp('2025-04-27 00:00:00'), Timestamp('2025-05-04 00:00:00'), Timestamp('2025-05-11 00:00:00'), Timestamp('2025-05-18 00:00:00'), Timestamp('2025-05-25 00:00:00'), Timestamp('2025-06-01 00:00:00')]",14
B09QH5MFMN,B660M DS3H DDR4,"[Timestamp('2025-04-27 00:00:00'), Timestamp('2025-05-04 00:00:00')]",2
B09QH5MFMN,B660M DS3H DDR4,"[Timestamp('2025-04-27 00:00:00'), Timestamp('2025-05-04 00:00:00')]",2
B09JZFT4SN,Z690 AORUS ULTRA,"[Timestamp('2025-06-08 00:00:00'), Timestamp('2025-06-15 00:00:00'), Timestamp('2025-06-22 00:00:00'), Timestamp('2025-06-29 00:00:00'), Timestamp('2025-07-06 00:00:00'), Timestamp('2025-07-13 00:00:00'), Timestamp('2025-07-20 00:00:00'), Timestamp('2025-07-27 00:00:00'), Timestamp('2025-08-03 00:00:00'), Timestamp('2025-08-10 00:00:00'), Timestamp('2025-08-17 00:00:00'), Timestamp('2025-08-24 00:00:00'), Timestamp('2025-08-31 00:00:00'), Timestamp('2025-09-07 00:00:00'), Timestamp('2025-09-14 00:00:00'), Timestamp('2025-09-21 00:00:00')]",16
B09JZFT4SN,Z690 AORUS ULTRA,"[Timestamp('2025-06-08 00:00:00'), Timestamp('2025-06-15 00:00:00'), Timestamp('2025-06-22 00:00:00'), Timestamp('2025-06-29 00:00:00'), Timestamp('2025-07-06 00:00:00'), Timestamp('2025-07-13 00:00:00'), Timestamp('2025-07-20 00:00:00'), Timestamp('2025-07-27 00:00:00'), Timestamp('2025-08-03 00:00:00'), Timestamp('2025-08-10 00:00:00'), Timestamp('2025-08-17 00:00:00'), Timestamp('2025-08-24 00:00:00'), Timestamp('2025-08-31 00:00:00'), Timestamp('2025-09-07 00:00:00'), Timestamp('2025-09-14 00:00:00'), Timestamp('2025-09-21 00:00:00')]",16
B09JZGTYXJ,Z690 UD AX DDR4,"[Timestamp('2025-08-24 00:00:00'), Timestamp('2025-08-31 00:00:00'), Timestamp('2025-09-07 00:00:00'), Timestamp('2025-09-14 00:00:00'), Timestamp('2025-09-21 00:00:00')]",5
B09JZGTYXJ,Z690 UD AX DDR4,"[Timestamp('2025-08-24 00:00:00'), Timestamp('2025-08-31 00:00:00'), Timestamp('2025-09-07 00:00:00'), Timestamp('2025-09-14 00:00:00'), Timestamp('2025-09-21 00:00:00')]",5
B08R5736B3,B550M DS3H AC,[Timestamp('2025-07-06 00:00:00')],1
B08R5736B3,B550M DS3H AC,[Timestamp('2025-07-06 00:00:00')],1
B0BH6XND27,B650M AORUS ELITE AX,"[Timestamp('2025-06-22 00:00:00'), Timestamp('2025-06-29 00:00:00'), Timestamp('2025-07-06 00:00:00'), Timestamp('2025-07-13 00:00:00'), Timestamp('2025-07-20 00:00:00'), Timestamp('2025-07-27 00:00:00'), Timestamp('2025-08-03 00:00:00'), Timestamp('2025-08-10 00:00:00'), Timestamp('2025-08-17 00:00:00'), Timestamp('2025-08-24 00:00:00'), Timestamp('2025-08-31 00:00:00'), Timestamp('2025-09-07 00:00:00'), Timestamp('2025-09-14 00:00:00'), Timestamp('2025-09-21 00:00:00')]",14
B0BH6XND27,B650M AORUS ELITE AX,"[Timestamp('2025-06-22 00:00:00'), Timestamp('2025-06-29 00:00:00'), Timestamp('2025-07-06 00:00:00'), Timestamp('2025-07-13 00:00:00'), Timestamp('2025-07-20 00:00:00'), Timestamp('2025-07-27 00:00:00'), Timestamp('2025-08-03 00:00:00'), Timestamp('2025-08-10 00:00:00'), Timestamp('2025-08-17 00:00:00'), Timestamp('2025-08-24 00:00:00'), Timestamp('2025-08-31 00:00:00'), Timestamp('2025-09-07 00:00:00'), Timestamp('2025-09-14 00:00:00'), Timestamp('2025-09-21 00:00:00')]",14
B08KGVH7YC,B550 AORUS ELITE AX V2,"[Timestamp('2025-06-22 00:00:00'), Timestamp('2025-06-29 00:00:00'), Timestamp('2025-07-06 00:00:00'), Timestamp('2025-10-05 00:00:00')]",4
B08KGVH7YC,B550 AORUS ELITE AX V2,"[Timestamp('2025-06-22 00:00:00'), Timestamp('2025-06-29 00:00:00'), Timestamp('2025-07-06 00:00:00'), Timestamp('2025-10-05 00:00:00')]",4
B083NMK4BB,B660M DS3H AX DDR4,"[Timestamp('2025-02-23 00:00:00'), Timestamp('2025-03-02 00:00:00'), Timestamp('2025-03-09 00:00:00'), Timestamp('2025-03-16 00:00:00'), Timestamp('2025-03-23 00:00:00'), Timestamp('2025-03-30 00:00:00'), Timestamp('2025-04-13 00:00:00'), Timestamp('2025-04-20 00:00:00'), Timestamp('2025-04-27 00:00:00'), Timestamp('2025-05-04 00:00:00'), Timestamp('2025-05-11 00:00:00'), Timestamp('2025-05-25 00:00:00'), Timestamp('2025-06-01 00:00:00')]",13
B083NMK4BB,B660M DS3H AX DDR4,"[Timestamp('2025-02-23 00:00:00'), Timestamp('2025-03-02 00:00:00'), Timestamp('2025-03-09 00:00:00'), Timestamp('2025-03-16 00:00:00'), Timestamp('2025-03-23 00:00:00'), Timestamp('2025-03-30 00:00:00'), Timestamp('2025-04-13 00:00:00'), Timestamp('2025-04-20 00:00:00'), Timestamp('2025-04-27 00:00:00'), Timestamp('2025-05-04 00:00:00'), Timestamp('2025-05-11 00:00:00'), Timestamp('2025-05-25 00:00:00'), Timestamp('2025-06-01 00:00:00')]",13
B09QH5MFMN,B660M DS3H DDR4,"[Timestamp('2025-05-11 00:00:00'), Timestamp('2025-05-18 00:00:00'), Timestamp('2025-05-25 00:00:00'), Timestamp('2025-06-01 00:00:00'), Timestamp('2025-06-08 00:00:00'), Timestamp('2025-06-15 00:00:00'), Timestamp('2025-06-22 00:00:00'), Timestamp('2025-06-29 00:00:00'), Timestamp('2025-07-06 00:00:00'), Timestamp('2025-07-13 00:00:00'), Timestamp('2025-07-20 00:00:00'), Timestamp('2025-07-27 00:00:00'), Timestamp('2025-08-03 00:00:00'), Timestamp('2025-08-10 00:00:00')]",14
B09QH5MFMN,B660M DS3H DDR4,"[Timestamp('2025-05-11 00:00:00'), Timestamp('2025-05-18 00:00:00'), Timestamp('2025-05-25 00:00:00'), Timestamp('2025-06-01 00:00:00'), Timestamp('2025-06-08 00:00:00'), Timestamp('2025-06-15 00:00:00'), Timestamp('2025-06-22 00:00:00'), Timestamp('2025-06-29 00:00:00'), Timestamp('2025-07-06 00:00:00'), Timestamp('2025-07-13 00:00:00'), Timestamp('2025-07-20 00:00:00'), Timestamp('2025-07-27 00:00:00'), Timestamp('2025-08-03 00:00:00'), Timestamp('2025-08-10 00:00:00')]",14
B09JZFT4SN,Z690 AORUS ULTRA,"[Timestamp('2025-07-20 00:00:00'), Timestamp('2025-07-27 00:00:00'), Timestamp('2025-08-03 00:00:00'), Timestamp('2025-08-10 00:00:00'), Timestamp('2025-08-17 00:00:00'), Timestamp('2025-08-24 00:00:00'), Timestamp('2025-08-31 00:00:00'), Timestamp('2025-09-07 00:00:00'), Timestamp('2025-09-14 00:00:00'), Timestamp('2025-09-21 00:00:00'), Timestamp('2025-09-28 00:00:00'), Timestamp('2025-10-05 00:00:00')]",12
B09JZFT4SN,Z690 AORUS ULTRA,"[Timestamp('2025-07-20 00:00:00'), Timestamp('2025-07-27 00:00:00'), Timestamp('2025-08-03 00:00:00'), Timestamp('2025-08-10 00:00:00'), Timestamp('2025-08-17 00:00:00'), Timestamp('2025-08-24 00:00:00'), Timestamp('2025-08-31 00:00:00'), Timestamp('2025-09-07 00:00:00'), Timestamp('2025-09-14 00:00:00'), Timestamp('2025-09-21 00:00:00'), Timestamp('2025-09-28 00:00:00'), Timestamp('2025-10-05 00:00:00')]",12
B09JZGTYXJ,Z690 UD AX DDR4,"[Timestamp('2025-09-21 00:00:00'), Timestamp('2025-09-28 00:00:00'), Timestamp('2025-10-05 00:00:00')]",3
B09JZGTYXJ,Z690 UD AX DDR4,"[Timestamp('2025-09-21 00:00:00'), Timestamp('2025-09-28 00:00:00'), Timestamp('2025-10-05 00:00:00')]",3
B08R5736B3,B550M DS3H AC,"[Timestamp('2025-07-06 00:00:00'), Timestamp('2025-07-13 00:00:00'), Timestamp('2025-07-20 00:00:00')]",3
B08R5736B3,B550M DS3H AC,"[Timestamp('2025-07-06 00:00:00'), Timestamp('2025-07-13 00:00:00'), Timestamp('2025-07-20 00:00:00')]",3
B0BH6XND27,B650M AORUS ELITE AX,"[Timestamp('2025-07-13 00:00:00'), Timestamp('2025-07-27 00:00:00'), Timestamp('2025-08-03 00:00:00'), Timestamp('2025-08-10 00:00:00'), Timestamp('2025-08-31 00:00:00'), Timestamp('2025-09-07 00:00:00'), Timestamp('2025-09-14 00:00:00'), Timestamp('2025-09-21 00:00:00'), Timestamp('2025-09-28 00:00:00'), Timestamp('2025-10-05 00:00:00')]",10
B0BH6XND27,B650M AORUS ELITE AX,"[Timestamp('2025-07-13 00:00:00'), Timestamp('2025-07-27 00:00:00'), Timestamp('2025-08-03 00:00:00'), Timestamp('2025-08-10 00:00:00'), Timestamp('2025-08-31 00:00:00'), Timestamp('2025-09-07 00:00:00'), Timestamp('2025-09-14 00:00:00'), Timestamp('2025-09-21 00:00:00'), Timestamp('2025-09-28 00:00:00'), Timestamp('2025-10-05 00:00:00')]",10
B083NK82QJ,H610I DDR4,"[Timestamp('2025-06-22 00:00:00'), Timestamp('2025-06-29 00:00:00'), Timestamp('2025-07-13 00:00:00'), Timestamp('2025-07-20 00:00:00'), Timestamp('2025-07-27 00:00:00'), Timestamp('2025-08-03 00:00:00'), Timestamp('2025-08-10 00:00:00'), Timestamp('2025-08-17 00:00:00'), Timestamp('2025-08-24 00:00:00'), Timestamp('2025-08-31 00:00:00'), Timestamp('2025-09-07 00:00:00'), Timestamp('2025-09-14 00:00:00'), Timestamp('2025-09-21 00:00:00'), Timestamp('2025-09-28 00:00:00'), Timestamp('2025-10-05 00:00:00')]",15
B083NK82QJ,H610I DDR4,"[Timestamp('2025-06-22 00:00:00'), Timestamp('2025-06-29 00:00:00'), Timestamp('2025-07-13 00:00:00'), Timestamp('2025-07-20 00:00:00'), Timestamp('2025-07-27 00:00:00'), Timestamp('2025-08-03 00:00:00'), Timestamp('2025-08-10 00:00:00'), Timestamp('2025-08-17 00:00:00'), Timestamp('2025-08-24 00:00:00'), Timestamp('2025-08-31 00:00:00'), Timestamp('2025-09-07 00:00:00'), Timestamp('2025-09-14 00:00:00'), Timestamp('2025-09-21 00:00:00'), Timestamp('2025-09-28 00:00:00'), Timestamp('2025-10-05 00:00:00')]",15
B08LGKGBKT,B550 GAMING X V2,"[Timestamp('2025-06-22 00:00:00'), Timestamp('2025-06-29 00:00:00'), Timestamp('2025-07-06 00:00:00'), Timestamp('2025-07-13 00:00:00'), Timestamp('2025-07-20 00:00:00'), Timestamp('2025-07-27 00:00:00'), Timestamp('2025-08-03 00:00:00'), Timestamp('2025-08-10 00:00:00'), Timestamp('2025-08-17 00:00:00'), Timestamp('2025-08-24 00:00:00'), Timestamp('2025-08-31 00:00:00'), Timestamp('2025-09-07 00:00:00'), Timestamp('2025-09-28 00:00:00'), Timestamp('2025-10-05 00:00:00')]",14
B08LGKGBKT,B550 GAMING X V2,"[Timestamp('2025-06-22 00:00:00'), Timestamp('2025-06-29 00:00:00'), Timestamp('2025-07-06 00:00:00'), Timestamp('2025-07-13 00:00:00'), Timestamp('2025-07-20 00:00:00'), Timestamp('2025-07-27 00:00:00'), Timestamp('2025-08-03 00:00:00'), Timestamp('2025-08-10 00:00:00'), Timestamp('2025-08-17 00:00:00'), Timestamp('2025-08-24 00:00:00'), Timestamp('2025-08-31 00:00:00'), Timestamp('2025-09-07 00:00:00'), Timestamp('2025-09-28 00:00:00'), Timestamp('2025-10-05 00:00:00')]",14
B0BF73P6HY,X670E AORUS XTREME,"[Timestamp('2025-07-13 00:00:00'), Timestamp('2025-07-20 00:00:00'), Timestamp('2025-07-27 00:00:00'), Timestamp('2025-08-03 00:00:00'), Timestamp('2025-08-10 00:00:00'), Timestamp('2025-08-17 00:00:00'), Timestamp('2025-08-24 00:00:00'), Timestamp('2025-08-31 00:00:00'), Timestamp('2025-09-07 00:00:00'), Timestamp('2025-09-14 00:00:00'), Timestamp('2025-09-21 00:00:00'), Timestamp('2025-09-28 00:00:00'), Timestamp('2025-10-05 00:00:00')]",13
B0BF73P6HY,X670E AORUS XTREME,"[Timestamp('2025-07-13 00:00:00'), Timestamp('2025-07-20 00:00:00'), Timestamp('2025-07-27 00:00:00'), Timestamp('2025-08-03 00:00:00'), Timestamp('2025-08-10 00:00:00'), Timestamp('2025-08-17 00:00:00'), Timestamp('2025-08-24 00:00:00'), Timestamp('2025-08-31 00:00:00'), Timestamp('2025-09-07 00:00:00'), Timestamp('2025-09-14 00:00:00'), Timestamp('2025-09-21 00:00:00'), Timestamp('2025-09-28 00:00:00'), Timestamp('2025-10-05 00:00:00')]",13
B0BH9BBLHB,Z790 AERO G,"[Timestamp('2025-04-20 00:00:00'), Timestamp('2025-04-27 00:00:00'), Timestamp('2025-05-04 00:00:00'), Timestamp('2025-05-11 00:00:00'), Timestamp('2025-05-18 00:00:00'), Timestamp('2025-05-25 00:00:00'), Timestamp('2025-06-01 00:00:00'), Timestamp('2025-06-08 00:00:00'), Timestamp('2025-06-15 00:00:00'), Timestamp('2025-06-22 00:00:00'), Timestamp('2025-07-27 00:00:00'), Timestamp('2025-08-03 00:00:00')]",12
B0BH9BBLHB,Z790 AERO G,"[Timestamp('2025-04-20 00:00:00'), Timestamp('2025-04-27 00:00:00'), Timestamp('2025-05-04 00:00:00'), Timestamp('2025-05-11 00:00:00'), Timestamp('2025-05-18 00:00:00'), Timestamp('2025-05-25 00:00:00'), Timestamp('2025-06-01 00:00:00'), Timestamp('2025-06-08 00:00:00'), Timestamp('2025-06-15 00:00:00'), Timestamp('2025-06-22 00:00:00'), Timestamp('2025-07-27 00:00:00'), Timestamp('2025-08-03 00:00:00')]",12
B0BHTMXMRQ,Z790 UD AC,"[Timestamp('2025-06-22 00:00:00'), Timestamp('2025-06-29 00:00:00'), Timestamp('2025-07-06 00:00:00'), Timestamp('2025-07-13 00:00:00'), Timestamp('2025-07-20 00:00:00'), Timestamp('2025-07-27 00:00:00'), Timestamp('2025-08-03 00:00:00'), Timestamp('2025-08-10 00:00:00'), Timestamp('2025-08-17 00:00:00'), Timestamp('2025-08-24 00:00:00'), Timestamp('2025-10-05 00:00:00')]",11
B0BHTMXMRQ,Z790 UD AC,"[Timestamp('2025-06-22 00:00:00'), Timestamp('2025-06-29 00:00:00'), Timestamp('2025-07-06 00:00:00'), Timestamp('2025-07-13 00:00:00'), Timestamp('2025-07-20 00:00:00'), Timestamp('2025-07-27 00:00:00'), Timestamp('2025-08-03 00:00:00'), Timestamp('2025-08-10 00:00:00'), Timestamp('2025-08-17 00:00:00'), Timestamp('2025-08-24 00:00:00'), Timestamp('2025-10-05 00:00:00')]",11
B07FWVJSHC,B450M DS3H,"[Timestamp('2025-03-02 00:00:00'), Timestamp('2025-03-09 00:00:00'), Timestamp('2025-04-27 00:00:00'), Timestamp('2025-05-04 00:00:00'), Timestamp('2025-05-11 00:00:00'), Timestamp('2025-05-18 00:00:00')]",6
B07FWVJSHC,B450M DS3H,"[Timestamp('2025-03-02 00:00:00'), Timestamp('2025-03-09 00:00:00'), Timestamp('2025-04-27 00:00:00'), Timestamp('2025-05-04 00:00:00'), Timestamp('2025-05-11 00:00:00'), Timestamp('2025-05-18 00:00:00')]",6
B07FW85VFT,B450 AORUS PRO WIFI,"[Timestamp('2025-06-22 00:00:00'), Timestamp('2025-06-29 00:00:00'), Timestamp('2025-07-06 00:00:00'), Timestamp('2025-07-13 00:00:00'), Timestamp('2025-07-20 00:00:00'), Timestamp('2025-07-27 00:00:00'), Timestamp('2025-08-03 00:00:00'), Timestamp('2025-08-10 00:00:00'), Timestamp('2025-08-17 00:00:00'), Timestamp('2025-08-24 00:00:00'), Timestamp('2025-08-31 00:00:00'), Timestamp('2025-09-07 00:00:00'), Timestamp('2025-09-14 00:00:00'), Timestamp('2025-09-21 00:00:00'), Timestamp('2025-09-28 00:00:00'), Timestamp('2025-10-05 00:00:00')]",16
B07FW85VFT,B450 AORUS PRO WIFI,"[Timestamp('2025-06-22 00:00:00'), Timestamp('2025-06-29 00:00:00'), Timestamp('2025-07-06 00:00:00'), Timestamp('2025-07-13 00:00:00'), Timestamp('2025-07-20 00:00:00'), Timestamp('2025-07-27 00:00:00'), Timestamp('2025-08-03 00:00:00'), Timestamp('2025-08-10 00:00:00'), Timestamp('2025-08-17 00:00:00'), Timestamp('2025-08-24 00:00:00'), Timestamp('2025-08-31 00:00:00'), Timestamp('2025-09-07 00:00:00'), Timestamp('2025-09-14 00:00:00'), Timestamp('2025-09-21 00:00:00'), Timestamp('2025-09-28 00:00:00'), Timestamp('2025-10-05 00:00:00')]",16
B08B7ZX8Q2,B450M DS3H WIFI,"[Timestamp('2025-06-29 00:00:00'), Timestamp('2025-07-06 00:00:00'), Timestamp('2025-07-20 00:00:00'), Timestamp('2025-07-27 00:00:00'), Timestamp('2025-08-03 00:00:00'), Timestamp('2025-08-10 00:00:00'), Timestamp('2025-08-24 00:00:00'), Timestamp('2025-08-31 00:00:00'), Timestamp('2025-09-07 00:00:00'), Timestamp('2025-09-14 00:00:00'), Timestamp('2025-09-21 00:00:00'), Timestamp('2025-09-28 00:00:00'), Timestamp('2025-10-05 00:00:00')]",13
B08B7ZX8Q2,B450M DS3H WIFI,"[Timestamp('2025-06-29 00:00:00'), Timestamp('2025-07-06 00:00:00'), Timestamp('2025-07-20 00:00:00'), Timestamp('2025-07-27 00:00:00'), Timestamp('2025-08-03 00:00:00'), Timestamp('2025-08-10 00:00:00'), Timestamp('2025-08-24 00:00:00'), Timestamp('2025-08-31 00:00:00'), Timestamp('2025-09-07 00:00:00'), Timestamp('2025-09-14 00:00:00'), Timestamp('2025-09-21 00:00:00'), Timestamp('2025-09-28 00:00:00'), Timestamp('2025-10-05 00:00:00')]",13
B09J5TC4F8,Z690 GAMING X DDR4,"[Timestamp('2025-06-29 00:00:00'), Timestamp('2025-07-06 00:00:00'), Timestamp('2025-07-13 00:00:00'), Timestamp('2025-07-20 00:00:00'), Timestamp('2025-07-27 00:00:00'), Timestamp('2025-08-03 00:00:00'), Timestamp('2025-08-10 00:00:00'), Timestamp('2025-08-17 00:00:00'), Timestamp('2025-08-24 00:00:00'), Timestamp('2025-08-31 00:00:00'), Timestamp('2025-09-07 00:00:00'), Timestamp('2025-09-14 00:00:00'), Timestamp('2025-09-21 00:00:00'), Timestamp('2025-09-28 00:00:00'), Timestamp('2025-10-05 00:00:00')]",15
B09J5TC4F8,Z690 GAMING X DDR4,"[Timestamp('2025-06-29 00:00:00'), Timestamp('2025-07-06 00:00:00'), Timestamp('2025-07-13 00:00:00'), Timestamp('2025-07-20 00:00:00'), Timestamp('2025-07-27 00:00:00'), Timestamp('2025-08-03 00:00:00'), Timestamp('2025-08-10 00:00:00'), Timestamp('2025-08-17 00:00:00'), Timestamp('2025-08-24 00:00:00'), Timestamp('2025-08-31 00:00:00'), Timestamp('2025-09-07 00:00:00'), Timestamp('2025-09-14 00:00:00'), Timestamp('2025-09-21 00:00:00'), Timestamp('2025-09-28 00:00:00'), Timestamp('2025-10-05 00:00:00')]",15
B0BH9DXY38,Z790 AORUS ELITE AX,"[Timestamp('2025-07-13 00:00:00'), Timestamp('2025-07-20 00:00:00'), Timestamp('2025-07-27 00:00:00'), Timestamp('2025-08-03 00:00:00'), Timestamp('2025-08-10 00:00:00'), Timestamp('2025-08-17 00:00:00'), Timestamp('2025-09-14 00:00:00'), Timestamp('2025-09-21 00:00:00'), Timestamp('2025-09-28 00:00:00'), Timestamp('2025-10-05 00:00:00')]",10
B0BH9DXY38,Z790 AORUS ELITE AX,"[Timestamp('2025-07-13 00:00:00'), Timestamp('2025-07-20 00:00:00'), Timestamp('2025-07-27 00:00:00'), Timestamp('2025-08-03 00:00:00'), Timestamp('2025-08-10 00:00:00'), Timestamp('2025-08-17 00:00:00'), Timestamp('2025-09-14 00:00:00'), Timestamp('2025-09-21 00:00:00'), Timestamp('2025-09-28 00:00:00'), Timestamp('2025-10-05 00:00:00')]",10
B079NYQQJJ,GA-A320M-S2H,"[Timestamp('2025-06-22 00:00:00'), Timestamp('2025-06-29 00:00:00'), Timestamp('2025-07-06 00:00:00'), Timestamp('2025-07-13 00:00:00'), Timestamp('2025-07-20 00:00:00'), Timestamp('2025-07-27 00:00:00'), Timestamp('2025-08-03 00:00:00'), Timestamp('2025-08-10 00:00:00'), Timestamp('2025-08-17 00:00:00'), Timestamp('2025-08-24 00:00:00'), Timestamp('2025-08-31 00:00:00'), Timestamp('2025-09-07 00:00:00'), Timestamp('2025-09-14 00:00:00'), Timestamp('2025-09-21 00:00:00'), Timestamp('2025-09-28 00:00:00'), Timestamp('2025-10-05 00:00:00')]",16
B079NYQQJJ,GA-A320M-S2H,"[Timestamp('2025-06-22 00:00:00'), Timestamp('2025-06-29 00:00:00'), Timestamp('2025-07-06 00:00:00'), Timestamp('2025-07-13 00:00:00'), Timestamp('2025-07-20 00:00:00'), Timestamp('2025-07-27 00:00:00'), Timestamp('2025-08-03 00:00:00'), Timestamp('2025-08-10 00:00:00'), Timestamp('2025-08-17 00:00:00'), Timestamp('2025-08-24 00:00:00'), Timestamp('2025-08-31 00:00:00'), Timestamp('2025-09-07 00:00:00'), Timestamp('2025-09-14 00:00:00'), Timestamp('2025-09-21 00:00:00'), Timestamp('2025-09-28 00:00:00'), Timestamp('2025-10-05 00:00:00')]",16
B0BHTLF2X5,Z790 A ELITE AX DDR4,"[Timestamp('2025-05-04 00:00:00'), Timestamp('2025-05-11 00:00:00'), Timestamp('2025-05-18 00:00:00'), Timestamp('2025-05-25 00:00:00'), Timestamp('2025-06-01 00:00:00'), Timestamp('2025-06-08 00:00:00'), Timestamp('2025-06-15 00:00:00'), Timestamp('2025-06-22 00:00:00'), Timestamp('2025-06-29 00:00:00'), Timestamp('2025-07-06 00:00:00'), Timestamp('2025-07-13 00:00:00'), Timestamp('2025-07-20 00:00:00'), Timestamp('2025-07-27 00:00:00'), Timestamp('2025-08-17 00:00:00')]",14
B0BHTLF2X5,Z790 A ELITE AX DDR4,"[Timestamp('2025-05-04 00:00:00'), Timestamp('2025-05-11 00:00:00'), Timestamp('2025-05-18 00:00:00'), Timestamp('2025-05-25 00:00:00'), Timestamp('2025-06-01 00:00:00'), Timestamp('2025-06-08 00:00:00'), Timestamp('2025-06-15 00:00:00'), Timestamp('2025-06-22 00:00:00'), Timestamp('2025-06-29 00:00:00'), Timestamp('2025-07-06 00:00:00'), Timestamp('2025-07-13 00:00:00'), Timestamp('2025-07-20 00:00:00'), Timestamp('2025-07-27 00:00:00'), Timestamp('2025-08-17 00:00:00')]",14
B08F7HPJ4F,A520M S2H,"[Timestamp('2025-07-20 00:00:00'), Timestamp('2025-07-27 00:00:00'), Timestamp('2025-08-03 00:00:00'), Timestamp('2025-08-10 00:00:00'), Timestamp('2025-08-17 00:00:00'), Timestamp('2025-08-24 00:00:00'), Timestamp('2025-08-31 00:00:00'), Timestamp('2025-09-07 00:00:00'), Timestamp('2025-09-14 00:00:00'), Timestamp('2025-09-21 00:00:00'), Timestamp('2025-09-28 00:00:00'), Timestamp('2025-10-05 00:00:00')]",12
B08F7HPJ4F,A520M S2H,"[Timestamp('2025-07-20 00:00:00'), Timestamp('2025-07-27 00:00:00'), Timestamp('2025-08-03 00:00:00'), Timestamp('2025-08-10 00:00:00'), Timestamp('2025-08-17 00:00:00'), Timestamp('2025-08-24 00:00:00'), Timestamp('2025-08-31 00:00:00'), Timestamp('2025-09-07 00:00:00'), Timestamp('2025-09-14 00:00:00'), Timestamp('2025-09-21 00:00:00'), Timestamp('2025-09-28 00:00:00'), Timestamp('2025-10-05 00:00:00')]",12
B089FWWN62,B550I AORUS PRO AX,[Timestamp('2025-06-22 00:00:00')],1
B089FWWN62,B550I AORUS PRO AX,[Timestamp('2025-06-22 00:00:00')],1
B0BH9F7DKS,Z790 AORUS MASTER,"[Timestamp('2025-06-22 00:00:00'), Timestamp('2025-06-29 00:00:00'), Timestamp('2025-07-13 00:00:00'), Timestamp('2025-07-20 00:00:00'), Timestamp('2025-07-27 00:00:00'), Timestamp('2025-08-03 00:00:00'), Timestamp('2025-08-17 00:00:00')]",7
B0BH9F7DKS,Z790 AORUS MASTER,"[Timestamp('2025-06-22 00:00:00'), Timestamp('2025-06-29 00:00:00'), Timestamp('2025-07-13 00:00:00'), Timestamp('2025-07-20 00:00:00'), Timestamp('2025-07-27 00:00:00'), Timestamp('2025-08-03 00:00:00'), Timestamp('2025-08-17 00:00:00')]",7
B07WL5MFXL,X570 AORUS ELITE WIFI,"[Timestamp('2025-05-11 00:00:00'), Timestamp('2025-05-18 00:00:00'), Timestamp('2025-06-08 00:00:00'), Timestamp('2025-06-22 00:00:00')]",4
B07WL5MFXL,X570 AORUS ELITE WIFI,"[Timestamp('2025-05-11 00:00:00'), Timestamp('2025-05-18 00:00:00'), Timestamp('2025-06-08 00:00:00'), Timestamp('2025-06-22 00:00:00')]",4
B0BSB6MB15,B760M DS3H DDR4,"[Timestamp('2025-06-22 00:00:00'), Timestamp('2025-08-31 00:00:00'), Timestamp('2025-09-07 00:00:00'), Timestamp('2025-09-14 00:00:00'), Timestamp('2025-09-21 00:00:00'), Timestamp('2025-09-28 00:00:00')]",6
B0BSB6MB15,B760M DS3H DDR4,"[Timestamp('2025-06-22 00:00:00'), Timestamp('2025-08-31 00:00:00'), Timestamp('2025-09-07 00:00:00'), Timestamp('2025-09-14 00:00:00'), Timestamp('2025-09-21 00:00:00'), Timestamp('2025-09-28 00:00:00')]",6
B0BSB6J39Z,B760M G X AX DDR4,"[Timestamp('2025-04-06 00:00:00'), Timestamp('2025-04-13 00:00:00'), Timestamp('2025-04-20 00:00:00'), Timestamp('2025-04-27 00:00:00'), Timestamp('2025-05-04 00:00:00'), Timestamp('2025-05-11 00:00:00'), Timestamp('2025-05-18 00:00:00'), Timestamp('2025-05-25 00:00:00'), Timestamp('2025-06-01 00:00:00'), Timestamp('2025-06-08 00:00:00'), Timestamp('2025-06-15 00:00:00'), Timestamp('2025-06-22 00:00:00'), Timestamp('2025-06-29 00:00:00'), Timestamp('2025-07-06 00:00:00'), Timestamp('2025-07-13 00:00:00'), Timestamp('2025-07-20 00:00:00')]",16
B0BSB6J39Z,B760M G X AX DDR4,"[Timestamp('2025-04-06 00:00:00'), Timestamp('2025-04-13 00:00:00'), Timestamp('2025-04-20 00:00:00'), Timestamp('2025-04-27 00:00:00'), Timestamp('2025-05-04 00:00:00'), Timestamp('2025-05-11 00:00:00'), Timestamp('2025-05-18 00:00:00'), Timestamp('2025-05-25 00:00:00'), Timestamp('2025-06-01 00:00:00'), Timestamp('2025-06-08 00:00:00'), Timestamp('2025-06-15 00:00:00'), Timestamp('2025-06-22 00:00:00'), Timestamp('2025-06-29 00:00:00'), Timestamp('2025-07-06 00:00:00'), Timestamp('2025-07-13 00:00:00'), Timestamp('2025-07-20 00:00:00')]",16
B0BF7FT26Z,X670 AORUS ELITE AX,"[Timestamp('2025-06-22 00:00:00'), Timestamp('2025-06-29 00:00:00'), Timestamp('2025-07-06 00:00:00'), Timestamp('2025-07-13 00:00:00'), Timestamp('2025-07-20 00:00:00'), Timestamp('2025-08-31 00:00:00'), Timestamp('2025-09-07 00:00:00'), Timestamp('2025-09-14 00:00:00'), Timestamp('2025-09-21 00:00:00'), Timestamp('2025-09-28 00:00:00'), Timestamp('2025-10-05 00:00:00')]",11
B0BF7FT26Z,X670 AORUS ELITE AX,"[Timestamp('2025-06-22 00:00:00'), Timestamp('2025-06-29 00:00:00'), Timestamp('2025-07-06 00:00:00'), Timestamp('2025-07-13 00:00:00'), Timestamp('2025-07-20 00:00:00'), Timestamp('2025-08-31 00:00:00'), Timestamp('2025-09-07 00:00:00'), Timestamp('2025-09-14 00:00:00'), Timestamp('2025-09-21 00:00:00'), Timestamp('2025-09-28 00:00:00'), Timestamp('2025-10-05 00:00:00')]",11
B0BF7CL99N,X670E AORUS MASTER,"[Timestamp('2025-06-22 00:00:00'), Timestamp('2025-06-29 00:00:00')]",2
B0BF7CL99N,X670E AORUS MASTER,"[Timestamp('2025-06-22 00:00:00'), Timestamp('2025-06-29 00:00:00')]",2
B07HS59X7P,Z390 UD,"[Timestamp('2025-06-22 00:00:00'), Timestamp('2025-06-29 00:00:00'), Timestamp('2025-07-06 00:00:00'), Timestamp('2025-07-13 00:00:00'), Timestamp('2025-07-20 00:00:00'), Timestamp('2025-07-27 00:00:00'), Timestamp('2025-08-03 00:00:00'), Timestamp('2025-08-10 00:00:00'), Timestamp('2025-08-17 00:00:00'), Timestamp('2025-08-24 00:00:00'), Timestamp('2025-08-31 00:00:00'), Timestamp('2025-09-07 00:00:00'), Timestamp('2025-09-14 00:00:00'), Timestamp('2025-09-21 00:00:00'), Timestamp('2025-09-28 00:00:00'), Timestamp('2025-10-05 00:00:00')]",16
B07HS59X7P,Z390 UD,"[Timestamp('2025-06-22 00:00:00'), Timestamp('2025-06-29 00:00:00'), Timestamp('2025-07-06 00:00:00'), Timestamp('2025-07-13 00:00:00'), Timestamp('2025-07-20 00:00:00'), Timestamp('2025-07-27 00:00:00'), Timestamp('2025-08-03 00:00:00'), Timestamp('2025-08-10 00:00:00'), Timestamp('2025-08-17 00:00:00'), Timestamp('2025-08-24 00:00:00'), Timestamp('2025-08-31 00:00:00'), Timestamp('2025-09-07 00:00:00'), Timestamp('2025-09-14 00:00:00'), Timestamp('2025-09-21 00:00:00'), Timestamp('2025-09-28 00:00:00'), Timestamp('2025-10-05 00:00:00')]",16
B08BR1XDX5,B550M AORUS ELITE,"[Timestamp('2025-06-22 00:00:00'), Timestamp('2025-06-29 00:00:00'), Timestamp('2025-07-06 00:00:00'), Timestamp('2025-07-13 00:00:00'), Timestamp('2025-08-03 00:00:00'), Timestamp('2025-09-14 00:00:00'), Timestamp('2025-09-21 00:00:00'), Timestamp('2025-09-28 00:00:00'), Timestamp('2025-10-05 00:00:00')]",9
B08BR1XDX5,B550M AORUS ELITE,"[Timestamp('2025-06-22 00:00:00'), Timestamp('2025-06-29 00:00:00'), Timestamp('2025-07-06 00:00:00'), Timestamp('2025-07-13 00:00:00'), Timestamp('2025-08-03 00:00:00'), Timestamp('2025-09-14 00:00:00'), Timestamp('2025-09-21 00:00:00'), Timestamp('2025-09-28 00:00:00'), Timestamp('2025-10-05 00:00:00')]",9
B0BH79FMW3,B650 AERO G,"[Timestamp('2025-06-22 00:00:00'), Timestamp('2025-06-29 00:00:00'), Timestamp('2025-08-17 00:00:00'), Timestamp('2025-08-24 00:00:00'), Timestamp('2025-08-31 00:00:00'), Timestamp('2025-09-07 00:00:00'), Timestamp('2025-09-14 00:00:00'), Timestamp('2025-09-21 00:00:00'), Timestamp('2025-09-28 00:00:00'), Timestamp('2025-10-05 00:00:00')]",10
B0BH79FMW3,B650 AERO G,"[Timestamp('2025-06-22 00:00:00'), Timestamp('2025-06-29 00:00:00'), Timestamp('2025-08-17 00:00:00'), Timestamp('2025-08-24 00:00:00'), Timestamp('2025-08-31 00:00:00'), Timestamp('2025-09-07 00:00:00'), Timestamp('2025-09-14 00:00:00'), Timestamp('2025-09-21 00:00:00'), Timestamp('2025-09-28 00:00:00'), Timestamp('2025-10-05 00:00:00')]",10
B0BH7GTY9C,B650 AORUS ELITE AX,"[Timestamp('2025-07-06 00:00:00'), Timestamp('2025-07-13 00:00:00'), Timestamp('2025-07-20 00:00:00'), Timestamp('2025-07-27 00:00:00'), Timestamp('2025-08-03 00:00:00'), Timestamp('2025-08-10 00:00:00'), Timestamp('2025-08-17 00:00:00'), Timestamp('2025-08-24 00:00:00'), Timestamp('2025-08-31 00:00:00'), Timestamp('2025-09-07 00:00:00'), Timestamp('2025-09-14 00:00:00'), Timestamp('2025-09-21 00:00:00'), Timestamp('2025-09-28 00:00:00'), Timestamp('2025-10-05 00:00:00')]",14
B0BH7GTY9C,B650 AORUS ELITE AX,"[Timestamp('2025-07-06 00:00:00'), Timestamp('2025-07-13 00:00:00'), Timestamp('2025-07-20 00:00:00'), Timestamp('2025-07-27 00:00:00'), Timestamp('2025-08-03 00:00:00'), Timestamp('2025-08-10 00:00:00'), Timestamp('2025-08-17 00:00:00'), Timestamp('2025-08-24 00:00:00'), Timestamp('2025-08-31 00:00:00'), Timestamp('2025-09-07 00:00:00'), Timestamp('2025-09-14 00:00:00'), Timestamp('2025-09-21 00:00:00'), Timestamp('2025-09-28 00:00:00'), Timestamp('2025-10-05 00:00:00')]",14
B0BSB4TYHV,B760M AORUS ELITE AX,"[Timestamp('2025-06-22 00:00:00'), Timestamp('2025-06-29 00:00:00'), Timestamp('2025-07-13 00:00:00'), Timestamp('2025-07-20 00:00:00'), Timestamp('2025-07-27 00:00:00'), Timestamp('2025-08-03 00:00:00'), Timestamp('2025-08-17 00:00:00'), Timestamp('2025-08-24 00:00:00'), Timestamp('2025-08-31 00:00:00'), Timestamp('2025-09-07 00:00:00'), Timestamp('2025-09-14 00:00:00'), Timestamp('2025-09-21 00:00:00'), Timestamp('2025-09-28 00:00:00'), Timestamp('2025-10-05 00:00:00')]",14
B0BSB4TYHV,B760M AORUS ELITE AX,"[Timestamp('2025-06-22 00:00:00'), Timestamp('2025-06-29 00:00:00'), Timestamp('2025-07-13 00:00:00'), Timestamp('2025-07-20 00:00:00'), Timestamp('2025-07-27 00:00:00'), Timestamp('2025-08-03 00:00:00'), Timestamp('2025-08-17 00:00:00'), Timestamp('2025-08-24 00:00:00'), Timestamp('2025-08-31 00:00:00'), Timestamp('2025-09-07 00:00:00'), Timestamp('2025-09-14 00:00:00'), Timestamp('2025-09-21 00:00:00'), Timestamp('2025-09-28 00:00:00'), Timestamp('2025-10-05 00:00:00')]",14
B0BSVYXM5C,Z790 GAMING X AX,"[Timestamp('2025-09-14 00:00:00'), Timestamp('2025-09-21 00:00:00'), Timestamp('2025-09-28 00:00:00'), Timestamp('2025-10-05 00:00:00')]",4
B0BSVYXM5C,Z790 GAMING X AX,"[Timestamp('2025-09-14 00:00:00'), Timestamp('2025-09-21 00:00:00'), Timestamp('2025-09-28 00:00:00'), Timestamp('2025-10-05 00:00:00')]",4
B0BSNYN4XQ,B760 DS3H AC DDR4,"[Timestamp('2025-06-29 00:00:00'), Timestamp('2025-07-06 00:00:00'), Timestamp('2025-07-13 00:00:00'), Timestamp('2025-07-20 00:00:00'), Timestamp('2025-07-27 00:00:00'), Timestamp('2025-08-03 00:00:00'), Timestamp('2025-08-10 00:00:00'), Timestamp('2025-08-17 00:00:00'), Timestamp('2025-08-24 00:00:00'), Timestamp('2025-08-31 00:00:00'), Timestamp('2025-09-07 00:00:00'), Timestamp('2025-09-14 00:00:00'), Timestamp('2025-09-21 00:00:00'), Timestamp('2025-09-28 00:00:00'), Timestamp('2025-10-05 00:00:00')]",15
B0BSNYN4XQ,B760 DS3H AC DDR4,"[Timestamp('2025-06-29 00:00:00'), Timestamp('2025-07-06 00:00:00'), Timestamp('2025-07-13 00:00:00'), Timestamp('2025-07-20 00:00:00'), Timestamp('2025-07-27 00:00:00'), Timestamp('2025-08-03 00:00:00'), Timestamp('2025-08-10 00:00:00'), Timestamp('2025-08-17 00:00:00'), Timestamp('2025-08-24 00:00:00'), Timestamp('2025-08-31 00:00:00'), Timestamp('2025-09-07 00:00:00'), Timestamp('2025-09-14 00:00:00'), Timestamp('2025-09-21 00:00:00'), Timestamp('2025-09-28 00:00:00'), Timestamp('2025-10-05 00:00:00')]",15
B0BVWQ3BMJ,B760I AORUS PRO DDR4,"[Timestamp('2025-07-06 00:00:00'), Timestamp('2025-07-13 00:00:00'), Timestamp('2025-07-20 00:00:00'), Timestamp('2025-07-27 00:00:00'), Timestamp('2025-08-03 00:00:00'), Timestamp('2025-08-10 00:00:00'), Timestamp('2025-08-17 00:00:00'), Timestamp('2025-08-24 00:00:00'), Timestamp('2025-08-31 00:00:00'), Timestamp('2025-09-07 00:00:00'), Timestamp('2025-09-14 00:00:00'), Timestamp('2025-09-21 00:00:00'), Timestamp('2025-09-28 00:00:00'), Timestamp('2025-10-05 00:00:00')]",14
B0BVWQ3BMJ,B760I AORUS PRO DDR4,"[Timestamp('2025-07-06 00:00:00'), Timestamp('2025-07-13 00:00:00'), Timestamp('2025-07-20 00:00:00'), Timestamp('2025-07-27 00:00:00'), Timestamp('2025-08-03 00:00:00'), Timestamp('2025-08-10 00:00:00'), Timestamp('2025-08-17 00:00:00'), Timestamp('2025-08-24 00:00:00'), Timestamp('2025-08-31 00:00:00'), Timestamp('2025-09-07 00:00:00'), Timestamp('2025-09-14 00:00:00'), Timestamp('2025-09-21 00:00:00'), Timestamp('2025-09-28 00:00:00'), Timestamp('2025-10-05 00:00:00')]",14
B0BSP61QZC,B760M DS3H AX,"[Timestamp('2025-08-17 00:00:00'), Timestamp('2025-08-31 00:00:00'), Timestamp('2025-09-07 00:00:00'), Timestamp('2025-09-14 00:00:00'), Timestamp('2025-09-21 00:00:00'), Timestamp('2025-09-28 00:00:00'), Timestamp('2025-10-05 00:00:00')]",7
B0BSP61QZC,B760M DS3H AX,"[Timestamp('2025-08-17 00:00:00'), Timestamp('2025-08-31 00:00:00'), Timestamp('2025-09-07 00:00:00'), Timestamp('2025-09-14 00:00:00'), Timestamp('2025-09-21 00:00:00'), Timestamp('2025-09-28 00:00:00'), Timestamp('2025-10-05 00:00:00')]",7
B083R7SWF5,B760M DS3H AX DDR4,"[Timestamp('2025-04-27 00:00:00'), Timestamp('2025-05-04 00:00:00'), Timestamp('2025-05-11 00:00:00'), Timestamp('2025-05-18 00:00:00'), Timestamp('2025-07-20 00:00:00'), Timestamp('2025-07-27 00:00:00')]",6
B083R7SWF5,B760M DS3H AX DDR4,"[Timestamp('2025-04-27 00:00:00'), Timestamp('2025-05-04 00:00:00'), Timestamp('2025-05-11 00:00:00'), Timestamp('2025-05-18 00:00:00'), Timestamp('2025-07-20 00:00:00'), Timestamp('2025-07-27 00:00:00')]",6
B09J6BWK2Z,Z690 AORUS ELITE AX DDR4,"[Timestamp('2025-05-11 00:00:00'), Timestamp('2025-05-18 00:00:00'), Timestamp('2025-05-25 00:00:00'), Timestamp('2025-06-01 00:00:00'), Timestamp('2025-06-08 00:00:00'), Timestamp('2025-06-15 00:00:00'), Timestamp('2025-06-22 00:00:00'), Timestamp('2025-06-29 00:00:00'), Timestamp('2025-07-06 00:00:00'), Timestamp('2025-07-13 00:00:00'), Timestamp('2025-07-20 00:00:00'), Timestamp('2025-07-27 00:00:00'), Timestamp('2025-08-03 00:00:00'), Timestamp('2025-08-10 00:00:00'), Timestamp('2025-08-17 00:00:00')]",15
B09J6BWK2Z,Z690 AORUS ELITE AX DDR4,"[Timestamp('2025-05-11 00:00:00'), Timestamp('2025-05-18 00:00:00'), Timestamp('2025-05-25 00:00:00'), Timestamp('2025-06-01 00:00:00'), Timestamp('2025-06-08 00:00:00'), Timestamp('2025-06-15 00:00:00'), Timestamp('2025-06-22 00:00:00'), Timestamp('2025-06-29 00:00:00'), Timestamp('2025-07-06 00:00:00'), Timestamp('2025-07-13 00:00:00'), Timestamp('2025-07-20 00:00:00'), Timestamp('2025-07-27 00:00:00'), Timestamp('2025-08-03 00:00:00'), Timestamp('2025-08-10 00:00:00'), Timestamp('2025-08-17 00:00:00')]",15
B0BTQ3SVFR,B550 UD AC,"[Timestamp('2025-06-22 00:00:00'), Timestamp('2025-06-29 00:00:00'), Timestamp('2025-07-06 00:00:00'), Timestamp('2025-07-13 00:00:00'), Timestamp('2025-07-20 00:00:00'), Timestamp('2025-07-27 00:00:00'), Timestamp('2025-08-03 00:00:00'), Timestamp('2025-08-10 00:00:00'), Timestamp('2025-09-14 00:00:00'), Timestamp('2025-09-21 00:00:00'), Timestamp('2025-09-28 00:00:00'), Timestamp('2025-10-05 00:00:00')]",12
B0BTQ3SVFR,B550 UD AC,"[Timestamp('2025-06-22 00:00:00'), Timestamp('2025-06-29 00:00:00'), Timestamp('2025-07-06 00:00:00'), Timestamp('2025-07-13 00:00:00'), Timestamp('2025-07-20 00:00:00'), Timestamp('2025-07-27 00:00:00'), Timestamp('2025-08-03 00:00:00'), Timestamp('2025-08-10 00:00:00'), Timestamp('2025-09-14 00:00:00'), Timestamp('2025-09-21 00:00:00'), Timestamp('2025-09-28 00:00:00'), Timestamp('2025-10-05 00:00:00')]",12
B0BTTZFQTP,B550M K,"[Timestamp('2025-07-06 00:00:00'), Timestamp('2025-08-17 00:00:00'), Timestamp('2025-08-24 00:00:00'), Timestamp('2025-08-31 00:00:00'), Timestamp('2025-09-07 00:00:00'), Timestamp('2025-09-14 00:00:00'), Timestamp('2025-09-21 00:00:00'), Timestamp('2025-09-28 00:00:00'), Timestamp('2025-10-05 00:00:00')]",9
B0BTTZFQTP,B550M K,"[Timestamp('2025-07-06 00:00:00'), Timestamp('2025-08-17 00:00:00'), Timestamp('2025-08-24 00:00:00'), Timestamp('2025-08-31 00:00:00'), Timestamp('2025-09-07 00:00:00'), Timestamp('2025-09-14 00:00:00'), Timestamp('2025-09-21 00:00:00'), Timestamp('2025-09-28 00:00:00'), Timestamp('2025-10-05 00:00:00')]",9
B0BVBXT6P1,H610M S2H V2 DDR4,"[Timestamp('2025-08-17 00:00:00'), Timestamp('2025-08-24 00:00:00'), Timestamp('2025-08-31 00:00:00'), Timestamp('2025-10-05 00:00:00')]",4
B0BVBXT6P1,H610M S2H V2 DDR4,"[Timestamp('2025-08-17 00:00:00'), Timestamp('2025-08-24 00:00:00'), Timestamp('2025-08-31 00:00:00'), Timestamp('2025-10-05 00:00:00')]",4
B083R7PHMX,Z790 D DDR4,"[Timestamp('2025-06-22 00:00:00'), Timestamp('2025-06-29 00:00:00'), Timestamp('2025-07-13 00:00:00'), Timestamp('2025-07-20 00:00:00'), Timestamp('2025-08-24 00:00:00'), Timestamp('2025-08-31 00:00:00'), Timestamp('2025-09-07 00:00:00'), Timestamp('2025-09-14 00:00:00'), Timestamp('2025-09-21 00:00:00'), Timestamp('2025-09-28 00:00:00'), Timestamp('2025-10-05 00:00:00')]",11
B083R7PHMX,Z790 D DDR4,"[Timestamp('2025-06-22 00:00:00'), Timestamp('2025-06-29 00:00:00'), Timestamp('2025-07-13 00:00:00'), Timestamp('2025-07-20 00:00:00'), Timestamp('2025-08-24 00:00:00'), Timestamp('2025-08-31 00:00:00'), Timestamp('2025-09-07 00:00:00'), Timestamp('2025-09-14 00:00:00'), Timestamp('2025-09-21 00:00:00'), Timestamp('2025-09-28 00:00:00'), Timestamp('2025-10-05 00:00:00')]",11
B083R826VW,B650I AORUS ULTRA,"[Timestamp('2025-07-06 00:00:00'), Timestamp('2025-07-13 00:00:00'), Timestamp('2025-07-20 00:00:00'), Timestamp('2025-07-27 00:00:00'), Timestamp('2025-08-03 00:00:00'), Timestamp('2025-08-10 00:00:00'), Timestamp('2025-08-17 00:00:00'), Timestamp('2025-08-24 00:00:00'), Timestamp('2025-08-31 00:00:00'), Timestamp('2025-09-07 00:00:00'), Timestamp('2025-09-14 00:00:00'), Timestamp('2025-09-21 00:00:00'), Timestamp('2025-09-28 00:00:00'), Timestamp('2025-10-05 00:00:00')]",14
B083R826VW,B650I AORUS ULTRA,"[Timestamp('2025-07-06 00:00:00'), Timestamp('2025-07-13 00:00:00'), Timestamp('2025-07-20 00:00:00'), Timestamp('2025-07-27 00:00:00'), Timestamp('2025-08-03 00:00:00'), Timestamp('2025-08-10 00:00:00'), Timestamp('2025-08-17 00:00:00'), Timestamp('2025-08-24 00:00:00'), Timestamp('2025-08-31 00:00:00'), Timestamp('2025-09-07 00:00:00'), Timestamp('2025-09-14 00:00:00'), Timestamp('2025-09-21 00:00:00'), Timestamp('2025-09-28 00:00:00'), Timestamp('2025-10-05 00:00:00')]",14
B0BSB6MZ2L,B760 AORUS ELITE AX,"[Timestamp('2025-06-22 00:00:00'), Timestamp('2025-06-29 00:00:00'), Timestamp('2025-07-20 00:00:00'), Timestamp('2025-07-27 00:00:00'), Timestamp('2025-08-03 00:00:00'), Timestamp('2025-08-10 00:00:00'), Timestamp('2025-08-17 00:00:00'), Timestamp('2025-08-24 00:00:00'), Timestamp('2025-08-31 00:00:00'), Timestamp('2025-09-07 00:00:00'), Timestamp('2025-09-14 00:00:00'), Timestamp('2025-09-21 00:00:00'), Timestamp('2025-09-28 00:00:00'), Timestamp('2025-10-05 00:00:00')]",14
B0BSB6MZ2L,B760 AORUS ELITE AX,"[Timestamp('2025-06-22 00:00:00'), Timestamp('2025-06-29 00:00:00'), Timestamp('2025-07-20 00:00:00'), Timestamp('2025-07-27 00:00:00'), Timestamp('2025-08-03 00:00:00'), Timestamp('2025-08-10 00:00:00'), Timestamp('2025-08-17 00:00:00'), Timestamp('2025-08-24 00:00:00'), Timestamp('2025-08-31 00:00:00'), Timestamp('2025-09-07 00:00:00'), Timestamp('2025-09-14 00:00:00'), Timestamp('2025-09-21 00:00:00'), Timestamp('2025-09-28 00:00:00'), Timestamp('2025-10-05 00:00:00')]",14
B083R7T5P4,Z790 UD AX,"[Timestamp('2025-08-03 00:00:00'), Timestamp('2025-09-07 00:00:00'), Timestamp('2025-09-14 00:00:00'), Timestamp('2025-09-21 00:00:00'), Timestamp('2025-10-05 00:00:00')]",5
B083R7T5P4,Z790 UD AX,"[Timestamp('2025-08-03 00:00:00'), Timestamp('2025-09-07 00:00:00'), Timestamp('2025-09-14 00:00:00'), Timestamp('2025-09-21 00:00:00'), Timestamp('2025-10-05 00:00:00')]",5
B0BZQ43XXL,Z790I AORUS ULTRA,"[Timestamp('2025-06-15 00:00:00'), Timestamp('2025-06-22 00:00:00'), Timestamp('2025-06-29 00:00:00'), Timestamp('2025-07-06 00:00:00'), Timestamp('2025-07-13 00:00:00'), Timestamp('2025-07-20 00:00:00'), Timestamp('2025-07-27 00:00:00'), Timestamp('2025-08-03 00:00:00'), Timestamp('2025-08-10 00:00:00'), Timestamp('2025-08-17 00:00:00'), Timestamp('2025-08-24 00:00:00'), Timestamp('2025-08-31 00:00:00'), Timestamp('2025-09-07 00:00:00'), Timestamp('2025-09-14 00:00:00'), Timestamp('2025-09-21 00:00:00'), Timestamp('2025-09-28 00:00:00')]",16
B0BZQ43XXL,Z790I AORUS ULTRA,"[Timestamp('2025-06-15 00:00:00'), Timestamp('2025-06-22 00:00:00'), Timestamp('2025-06-29 00:00:00'), Timestamp('2025-07-06 00:00:00'), Timestamp('2025-07-13 00:00:00'), Timestamp('2025-07-20 00:00:00'), Timestamp('2025-07-27 00:00:00'), Timestamp('2025-08-03 00:00:00'), Timestamp('2025-08-10 00:00:00'), Timestamp('2025-08-17 00:00:00'), Timestamp('2025-08-24 00:00:00'), Timestamp('2025-08-31 00:00:00'), Timestamp('2025-09-07 00:00:00'), Timestamp('2025-09-14 00:00:00'), Timestamp('2025-09-21 00:00:00'), Timestamp('2025-09-28 00:00:00')]",16
B09J64TBJG,Z690 AORUS MASTER,"[Timestamp('2025-06-22 00:00:00'), Timestamp('2025-06-29 00:00:00'), Timestamp('2025-07-06 00:00:00'), Timestamp('2025-07-13 00:00:00'), Timestamp('2025-07-20 00:00:00'), Timestamp('2025-07-27 00:00:00'), Timestamp('2025-08-03 00:00:00'), Timestamp('2025-08-10 00:00:00'), Timestamp('2025-08-17 00:00:00'), Timestamp('2025-08-24 00:00:00'), Timestamp('2025-09-14 00:00:00')]",11
B09J64TBJG,Z690 AORUS MASTER,"[Timestamp('2025-06-22 00:00:00'), Timestamp('2025-06-29 00:00:00'), Timestamp('2025-07-06 00:00:00'), Timestamp('2025-07-13 00:00:00'), Timestamp('2025-07-20 00:00:00'), Timestamp('2025-07-27 00:00:00'), Timestamp('2025-08-03 00:00:00'), Timestamp('2025-08-10 00:00:00'), Timestamp('2025-08-17 00:00:00'), Timestamp('2025-08-24 00:00:00'), Timestamp('2025-09-14 00:00:00')]",11
B0BYBHW4SH,B650 GAMING X AX,"[Timestamp('2025-06-22 00:00:00'), Timestamp('2025-06-29 00:00:00'), Timestamp('2025-07-06 00:00:00'), Timestamp('2025-07-13 00:00:00'), Timestamp('2025-08-03 00:00:00'), Timestamp('2025-08-10 00:00:00'), Timestamp('2025-08-17 00:00:00'), Timestamp('2025-08-24 00:00:00'), Timestamp('2025-08-31 00:00:00'), Timestamp('2025-09-07 00:00:00'), Timestamp('2025-09-14 00:00:00'), Timestamp('2025-09-21 00:00:00'), Timestamp('2025-09-28 00:00:00'), Timestamp('2025-10-05 00:00:00')]",14
B0BYBHW4SH,B650 GAMING X AX,"[Timestamp('2025-06-22 00:00:00'), Timestamp('2025-06-29 00:00:00'), Timestamp('2025-07-06 00:00:00'), Timestamp('2025-07-13 00:00:00'), Timestamp('2025-08-03 00:00:00'), Timestamp('2025-08-10 00:00:00'), Timestamp('2025-08-17 00:00:00'), Timestamp('2025-08-24 00:00:00'), Timestamp('2025-08-31 00:00:00'), Timestamp('2025-09-07 00:00:00'), Timestamp('2025-09-14 00:00:00'), Timestamp('2025-09-21 00:00:00'), Timestamp('2025-09-28 00:00:00'), Timestamp('2025-10-05 00:00:00')]",14
B0BZ54DR5L,B760 GAMING X AX,"[Timestamp('2025-07-13 00:00:00'), Timestamp('2025-07-20 00:00:00'), Timestamp('2025-07-27 00:00:00'), Timestamp('2025-08-03 00:00:00'), Timestamp('2025-08-10 00:00:00'), Timestamp('2025-08-17 00:00:00'), Timestamp('2025-08-24 00:00:00'), Timestamp('2025-08-31 00:00:00'), Timestamp('2025-09-07 00:00:00'), Timestamp('2025-09-14 00:00:00'), Timestamp('2025-09-21 00:00:00'), Timestamp('2025-09-28 00:00:00'), Timestamp('2025-10-05 00:00:00')]",13
B0BZ54DR5L,B760 GAMING X AX,"[Timestamp('2025-07-13 00:00:00'), Timestamp('2025-07-20 00:00:00'), Timestamp('2025-07-27 00:00:00'), Timestamp('2025-08-03 00:00:00'), Timestamp('2025-08-10 00:00:00'), Timestamp('2025-08-17 00:00:00'), Timestamp('2025-08-24 00:00:00'), Timestamp('2025-08-31 00:00:00'), Timestamp('2025-09-07 00:00:00'), Timestamp('2025-09-14 00:00:00'), Timestamp('2025-09-21 00:00:00'), Timestamp('2025-09-28 00:00:00'), Timestamp('2025-10-05 00:00:00')]",13
B0C4CKCRYW,B760I AORUS PRO,"[Timestamp('2025-06-29 00:00:00'), Timestamp('2025-07-13 00:00:00'), Timestamp('2025-07-27 00:00:00'), Timestamp('2025-08-03 00:00:00'), Timestamp('2025-08-10 00:00:00'), Timestamp('2025-08-17 00:00:00'), Timestamp('2025-08-24 00:00:00'), Timestamp('2025-09-07 00:00:00'), Timestamp('2025-09-14 00:00:00'), Timestamp('2025-09-21 00:00:00'), Timestamp('2025-09-28 00:00:00'), Timestamp('2025-10-05 00:00:00')]",12
B0C4CKCRYW,B760I AORUS PRO,"[Timestamp('2025-06-29 00:00:00'), Timestamp('2025-07-13 00:00:00'), Timestamp('2025-07-27 00:00:00'), Timestamp('2025-08-03 00:00:00'), Timestamp('2025-08-10 00:00:00'), Timestamp('2025-08-17 00:00:00'), Timestamp('2025-08-24 00:00:00'), Timestamp('2025-09-07 00:00:00'), Timestamp('2025-09-14 00:00:00'), Timestamp('2025-09-21 00:00:00'), Timestamp('2025-09-28 00:00:00'), Timestamp('2025-10-05 00:00:00')]",12
B0BZQ1PWGJ,B760M C,"[Timestamp('2025-06-22 00:00:00'), Timestamp('2025-07-13 00:00:00'), Timestamp('2025-07-20 00:00:00'), Timestamp('2025-08-10 00:00:00'), Timestamp('2025-08-17 00:00:00'), Timestamp('2025-08-24 00:00:00'), Timestamp('2025-08-31 00:00:00'), Timestamp('2025-09-07 00:00:00'), Timestamp('2025-09-14 00:00:00'), Timestamp('2025-09-21 00:00:00'), Timestamp('2025-09-28 00:00:00'), Timestamp('2025-10-05 00:00:00')]",12
B0BZQ1PWGJ,B760M C,"[Timestamp('2025-06-22 00:00:00'), Timestamp('2025-07-13 00:00:00'), Timestamp('2025-07-20 00:00:00'), Timestamp('2025-08-10 00:00:00'), Timestamp('2025-08-17 00:00:00'), Timestamp('2025-08-24 00:00:00'), Timestamp('2025-08-31 00:00:00'), Timestamp('2025-09-07 00:00:00'), Timestamp('2025-09-14 00:00:00'), Timestamp('2025-09-21 00:00:00'), Timestamp('2025-09-28 00:00:00'), Timestamp('2025-10-05 00:00:00')]",12
B0BZQ1TNW8,B550M AORUS ELITE AX,"[Timestamp('2025-07-06 00:00:00'), Timestamp('2025-07-13 00:00:00'), Timestamp('2025-07-20 00:00:00'), Timestamp('2025-07-27 00:00:00'), Timestamp('2025-08-03 00:00:00'), Timestamp('2025-08-10 00:00:00'), Timestamp('2025-08-17 00:00:00'), Timestamp('2025-08-24 00:00:00'), Timestamp('2025-08-31 00:00:00'), Timestamp('2025-09-07 00:00:00'), Timestamp('2025-09-14 00:00:00'), Timestamp('2025-09-21 00:00:00'), Timestamp('2025-09-28 00:00:00'), Timestamp('2025-10-05 00:00:00')]",14
B0BZQ1TNW8,B550M AORUS ELITE AX,"[Timestamp('2025-07-06 00:00:00'), Timestamp('2025-07-13 00:00:00'), Timestamp('2025-07-20 00:00:00'), Timestamp('2025-07-27 00:00:00'), Timestamp('2025-08-03 00:00:00'), Timestamp('2025-08-10 00:00:00'), Timestamp('2025-08-17 00:00:00'), Timestamp('2025-08-24 00:00:00'), Timestamp('2025-08-31 00:00:00'), Timestamp('2025-09-07 00:00:00'), Timestamp('2025-09-14 00:00:00'), Timestamp('2025-09-21 00:00:00'), Timestamp('2025-09-28 00:00:00'), Timestamp('2025-10-05 00:00:00')]",14
B0C1M2BDNR,Q670M D3H,"[Timestamp('2025-06-15 00:00:00'), Timestamp('2025-06-22 00:00:00'), Timestamp('2025-06-29 00:00:00'), Timestamp('2025-07-06 00:00:00'), Timestamp('2025-07-13 00:00:00'), Timestamp('2025-07-20 00:00:00'), Timestamp('2025-07-27 00:00:00'), Timestamp('2025-08-03 00:00:00'), Timestamp('2025-08-10 00:00:00'), Timestamp('2025-08-17 00:00:00'), Timestamp('2025-08-24 00:00:00'), Timestamp('2025-08-31 00:00:00'), Timestamp('2025-09-07 00:00:00'), Timestamp('2025-09-14 00:00:00'), Timestamp('2025-09-21 00:00:00'), Timestamp('2025-09-28 00:00:00')]",16
B0C1M2BDNR,Q670M D3H,"[Timestamp('2025-06-15 00:00:00'), Timestamp('2025-06-22 00:00:00'), Timestamp('2025-06-29 00:00:00'), Timestamp('2025-07-06 00:00:00'), Timestamp('2025-07-13 00:00:00'), Timestamp('2025-07-20 00:00:00'), Timestamp('2025-07-27 00:00:00'), Timestamp('2025-08-03 00:00:00'), Timestamp('2025-08-10 00:00:00'), Timestamp('2025-08-17 00:00:00'), Timestamp('2025-08-24 00:00:00'), Timestamp('2025-08-31 00:00:00'), Timestamp('2025-09-07 00:00:00'), Timestamp('2025-09-14 00:00:00'), Timestamp('2025-09-21 00:00:00'), Timestamp('2025-09-28 00:00:00')]",16
B0C4CKFV65,A620M S2H,"[Timestamp('2025-06-22 00:00:00'), Timestamp('2025-06-29 00:00:00'), Timestamp('2025-07-13 00:00:00'), Timestamp('2025-07-20 00:00:00'), Timestamp('2025-07-27 00:00:00'), Timestamp('2025-08-03 00:00:00'), Timestamp('2025-08-10 00:00:00'), Timestamp('2025-08-17 00:00:00'), Timestamp('2025-08-24 00:00:00'), Timestamp('2025-08-31 00:00:00'), Timestamp('2025-09-07 00:00:00'), Timestamp('2025-09-14 00:00:00'), Timestamp('2025-09-21 00:00:00'), Timestamp('2025-09-28 00:00:00'), Timestamp('2025-10-05 00:00:00')]",15
B0C4CKFV65,A620M S2H,"[Timestamp('2025-06-22 00:00:00'), Timestamp('2025-06-29 00:00:00'), Timestamp('2025-07-13 00:00:00'), Timestamp('2025-07-20 00:00:00'), Timestamp('2025-07-27 00:00:00'), Timestamp('2025-08-03 00:00:00'), Timestamp('2025-08-10 00:00:00'), Timestamp('2025-08-17 00:00:00'), Timestamp('2025-08-24 00:00:00'), Timestamp('2025-08-31 00:00:00'), Timestamp('2025-09-07 00:00:00'), Timestamp('2025-09-14 00:00:00'), Timestamp('2025-09-21 00:00:00'), Timestamp('2025-09-28 00:00:00'), Timestamp('2025-10-05 00:00:00')]",15
B0BZ17BQ4Z,B650M K,"[Timestamp('2025-06-22 00:00:00'), Timestamp('2025-06-29 00:00:00'), Timestamp('2025-07-06 00:00:00'), Timestamp('2025-07-13 00:00:00'), Timestamp('2025-07-20 00:00:00'), Timestamp('2025-07-27 00:00:00'), Timestamp('2025-08-03 00:00:00'), Timestamp('2025-08-10 00:00:00'), Timestamp('2025-08-17 00:00:00'), Timestamp('2025-08-24 00:00:00'), Timestamp('2025-08-31 00:00:00'), Timestamp('2025-09-07 00:00:00'), Timestamp('2025-09-14 00:00:00'), Timestamp('2025-09-21 00:00:00'), Timestamp('2025-09-28 00:00:00'), Timestamp('2025-10-05 00:00:00')]",16
B0BZ17BQ4Z,B650M K,"[Timestamp('2025-06-22 00:00:00'), Timestamp('2025-06-29 00:00:00'), Timestamp('2025-07-06 00:00:00'), Timestamp('2025-07-13 00:00:00'), Timestamp('2025-07-20 00:00:00'), Timestamp('2025-07-27 00:00:00'), Timestamp('2025-08-03 00:00:00'), Timestamp('2025-08-10 00:00:00'), Timestamp('2025-08-17 00:00:00'), Timestamp('2025-08-24 00:00:00'), Timestamp('2025-08-31 00:00:00'), Timestamp('2025-09-07 00:00:00'), Timestamp('2025-09-14 00:00:00'), Timestamp('2025-09-21 00:00:00'), Timestamp('2025-09-28 00:00:00'), Timestamp('2025-10-05 00:00:00')]",16
B0C4CB8G8D,H610I,"[Timestamp('2025-06-22 00:00:00'), Timestamp('2025-06-29 00:00:00'), Timestamp('2025-07-13 00:00:00'), Timestamp('2025-07-20 00:00:00'), Timestamp('2025-07-27 00:00:00'), Timestamp('2025-08-17 00:00:00'), Timestamp('2025-08-24 00:00:00'), Timestamp('2025-10-05 00:00:00')]",8
B0C4CB8G8D,H610I,"[Timestamp('2025-06-22 00:00:00'), Timestamp('2025-06-29 00:00:00'), Timestamp('2025-07-13 00:00:00'), Timestamp('2025-07-20 00:00:00'), Timestamp('2025-07-27 00:00:00'), Timestamp('2025-08-17 00:00:00'), Timestamp('2025-08-24 00:00:00'), Timestamp('2025-10-05 00:00:00')]",8
B0BZQ416QM,H610M S2H,"[Timestamp('2025-04-27 00:00:00'), Timestamp('2025-05-04 00:00:00'), Timestamp('2025-05-11 00:00:00'), Timestamp('2025-05-18 00:00:00'), Timestamp('2025-05-25 00:00:00'), Timestamp('2025-06-01 00:00:00'), Timestamp('2025-06-08 00:00:00'), Timestamp('2025-06-15 00:00:00'), Timestamp('2025-06-22 00:00:00'), Timestamp('2025-06-29 00:00:00'), Timestamp('2025-07-06 00:00:00'), Timestamp('2025-07-13 00:00:00'), Timestamp('2025-07-20 00:00:00'), Timestamp('2025-07-27 00:00:00'), Timestamp('2025-08-03 00:00:00'), Timestamp('2025-08-10 00:00:00')]",16
B0BZQ416QM,H610M S2H,"[Timestamp('2025-04-27 00:00:00'), Timestamp('2025-05-04 00:00:00'), Timestamp('2025-05-11 00:00:00'), Timestamp('2025-05-18 00:00:00'), Timestamp('2025-05-25 00:00:00'), Timestamp('2025-06-01 00:00:00'), Timestamp('2025-06-08 00:00:00'), Timestamp('2025-06-15 00:00:00'), Timestamp('2025-06-22 00:00:00'), Timestamp('2025-06-29 00:00:00'), Timestamp('2025-07-06 00:00:00'), Timestamp('2025-07-13 00:00:00'), Timestamp('2025-07-20 00:00:00'), Timestamp('2025-07-27 00:00:00'), Timestamp('2025-08-03 00:00:00'), Timestamp('2025-08-10 00:00:00')]",16
B0C1ZZ57ZW,A620M GAMING X,"[Timestamp('2025-06-22 00:00:00'), Timestamp('2025-06-29 00:00:00'), Timestamp('2025-07-06 00:00:00'), Timestamp('2025-07-13 00:00:00'), Timestamp('2025-07-20 00:00:00'), Timestamp('2025-07-27 00:00:00'), Timestamp('2025-08-03 00:00:00'), Timestamp('2025-08-10 00:00:00'), Timestamp('2025-08-17 00:00:00'), Timestamp('2025-08-24 00:00:00'), Timestamp('2025-08-31 00:00:00'), Timestamp('2025-09-07 00:00:00'), Timestamp('2025-10-05 00:00:00')]",13
B0C1ZZ57ZW,A620M GAMING X,"[Timestamp('2025-06-22 00:00:00'), Timestamp('2025-06-29 00:00:00'), Timestamp('2025-07-06 00:00:00'), Timestamp('2025-07-13 00:00:00'), Timestamp('2025-07-20 00:00:00'), Timestamp('2025-07-27 00:00:00'), Timestamp('2025-08-03 00:00:00'), Timestamp('2025-08-10 00:00:00'), Timestamp('2025-08-17 00:00:00'), Timestamp('2025-08-24 00:00:00'), Timestamp('2025-08-31 00:00:00'), Timestamp('2025-09-07 00:00:00'), Timestamp('2025-10-05 00:00:00')]",13
B0CH92B3S2,B650M D3HP,"[Timestamp('2025-06-29 00:00:00'), Timestamp('2025-07-06 00:00:00'), Timestamp('2025-07-13 00:00:00'), Timestamp('2025-07-20 00:00:00'), Timestamp('2025-07-27 00:00:00'), Timestamp('2025-08-03 00:00:00'), Timestamp('2025-08-10 00:00:00'), Timestamp('2025-08-17 00:00:00'), Timestamp('2025-08-24 00:00:00'), Timestamp('2025-08-31 00:00:00'), Timestamp('2025-09-07 00:00:00'), Timestamp('2025-09-14 00:00:00'), Timestamp('2025-09-21 00:00:00'), Timestamp('2025-09-28 00:00:00'), Timestamp('2025-10-05 00:00:00')]",15
B0CH92B3S2,B650M D3HP,"[Timestamp('2025-06-29 00:00:00'), Timestamp('2025-07-06 00:00:00'), Timestamp('2025-07-13 00:00:00'), Timestamp('2025-07-20 00:00:00'), Timestamp('2025-07-27 00:00:00'), Timestamp('2025-08-03 00:00:00'), Timestamp('2025-08-10 00:00:00'), Timestamp('2025-08-17 00:00:00'), Timestamp('2025-08-24 00:00:00'), Timestamp('2025-08-31 00:00:00'), Timestamp('2025-09-07 00:00:00'), Timestamp('2025-09-14 00:00:00'), Timestamp('2025-09-21 00:00:00'), Timestamp('2025-09-28 00:00:00'), Timestamp('2025-10-05 00:00:00')]",15
B083RW9KDM,Z790 A ELITE X WIFI7,"[Timestamp('2025-06-29 00:00:00'), Timestamp('2025-07-13 00:00:00'), Timestamp('2025-07-20 00:00:00'), Timestamp('2025-07-27 00:00:00'), Timestamp('2025-08-17 00:00:00'), Timestamp('2025-08-24 00:00:00'), Timestamp('2025-08-31 00:00:00'), Timestamp('2025-09-07 00:00:00')]",8
B083RW9KDM,Z790 A ELITE X WIFI7,"[Timestamp('2025-06-29 00:00:00'), Timestamp('2025-07-13 00:00:00'), Timestamp('2025-07-20 00:00:00'), Timestamp('2025-07-27 00:00:00'), Timestamp('2025-08-17 00:00:00'), Timestamp('2025-08-24 00:00:00'), Timestamp('2025-08-31 00:00:00'), Timestamp('2025-09-07 00:00:00')]",8
B083RW9TJF,Z790 AORUS PRO X,"[Timestamp('2025-07-13 00:00:00'), Timestamp('2025-07-20 00:00:00'), Timestamp('2025-08-17 00:00:00'), Timestamp('2025-08-24 00:00:00'), Timestamp('2025-08-31 00:00:00'), Timestamp('2025-09-07 00:00:00'), Timestamp('2025-10-05 00:00:00')]",7
B083RW9TJF,Z790 AORUS PRO X,"[Timestamp('2025-07-13 00:00:00'), Timestamp('2025-07-20 00:00:00'), Timestamp('2025-08-17 00:00:00'), Timestamp('2025-08-24 00:00:00'), Timestamp('2025-08-31 00:00:00'), Timestamp('2025-09-07 00:00:00'), Timestamp('2025-10-05 00:00:00')]",7
B0CNR8Y29S,X670 GAMING X AX V2,"[Timestamp('2025-06-22 00:00:00'), Timestamp('2025-06-29 00:00:00'), Timestamp('2025-07-06 00:00:00'), Timestamp('2025-07-13 00:00:00'), Timestamp('2025-07-20 00:00:00'), Timestamp('2025-07-27 00:00:00'), Timestamp('2025-08-03 00:00:00'), Timestamp('2025-08-10 00:00:00'), Timestamp('2025-10-05 00:00:00')]",9
B0CNR8Y29S,X670 GAMING X AX V2,"[Timestamp('2025-06-22 00:00:00'), Timestamp('2025-06-29 00:00:00'), Timestamp('2025-07-06 00:00:00'), Timestamp('2025-07-13 00:00:00'), Timestamp('2025-07-20 00:00:00'), Timestamp('2025-07-27 00:00:00'), Timestamp('2025-08-03 00:00:00'), Timestamp('2025-08-10 00:00:00'), Timestamp('2025-10-05 00:00:00')]",9
B0CN76TH9S,X670E AORUS PRO X,"[Timestamp('2025-06-22 00:00:00'), Timestamp('2025-06-29 00:00:00'), Timestamp('2025-07-06 00:00:00'), Timestamp('2025-07-13 00:00:00'), Timestamp('2025-07-20 00:00:00'), Timestamp('2025-07-27 00:00:00'), Timestamp('2025-08-03 00:00:00'), Timestamp('2025-08-10 00:00:00'), Timestamp('2025-08-17 00:00:00'), Timestamp('2025-08-24 00:00:00'), Timestamp('2025-08-31 00:00:00'), Timestamp('2025-09-07 00:00:00'), Timestamp('2025-09-14 00:00:00'), Timestamp('2025-09-21 00:00:00'), Timestamp('2025-09-28 00:00:00'), Timestamp('2025-10-05 00:00:00')]",16
B0CN76TH9S,X670E AORUS PRO X,"[Timestamp('2025-06-22 00:00:00'), Timestamp('2025-06-29 00:00:00'), Timestamp('2025-07-06 00:00:00'), Timestamp('2025-07-13 00:00:00'), Timestamp('2025-07-20 00:00:00'), Timestamp('2025-07-27 00:00:00'), Timestamp('2025-08-03 00:00:00'), Timestamp('2025-08-10 00:00:00'), Timestamp('2025-08-17 00:00:00'), Timestamp('2025-08-24 00:00:00'), Timestamp('2025-08-31 00:00:00'), Timestamp('2025-09-07 00:00:00'), Timestamp('2025-09-14 00:00:00'), Timestamp('2025-09-21 00:00:00'), Timestamp('2025-09-28 00:00:00'), Timestamp('2025-10-05 00:00:00')]",16
B0CKS6BMH7,Z790 A ELITE AX ICE,"[Timestamp('2025-06-22 00:00:00'), Timestamp('2025-06-29 00:00:00'), Timestamp('2025-07-06 00:00:00'), Timestamp('2025-07-13 00:00:00'), Timestamp('2025-07-20 00:00:00'), Timestamp('2025-07-27 00:00:00'), Timestamp('2025-08-03 00:00:00'), Timestamp('2025-08-10 00:00:00'), Timestamp('2025-08-17 00:00:00'), Timestamp('2025-08-24 00:00:00'), Timestamp('2025-08-31 00:00:00')]",11
B0CKS6BMH7,Z790 A ELITE AX ICE,"[Timestamp('2025-06-22 00:00:00'), Timestamp('2025-06-29 00:00:00'), Timestamp('2025-07-06 00:00:00'), Timestamp('2025-07-13 00:00:00'), Timestamp('2025-07-20 00:00:00'), Timestamp('2025-07-27 00:00:00'), Timestamp('2025-08-03 00:00:00'), Timestamp('2025-08-10 00:00:00'), Timestamp('2025-08-17 00:00:00'), Timestamp('2025-08-24 00:00:00'), Timestamp('2025-08-31 00:00:00')]",11
B083RVX2FQ,Z790 AORUS MASTER X,"[Timestamp('2025-09-14 00:00:00'), Timestamp('2025-09-21 00:00:00'), Timestamp('2025-09-28 00:00:00')]",3
B083RVX2FQ,Z790 AORUS MASTER X,"[Timestamp('2025-09-14 00:00:00'), Timestamp('2025-09-21 00:00:00'), Timestamp('2025-09-28 00:00:00')]",3
B0CMJSH15D,B650 A ELITE AX ICE,"[Timestamp('2025-06-22 00:00:00'), Timestamp('2025-07-06 00:00:00'), Timestamp('2025-07-27 00:00:00'), Timestamp('2025-08-03 00:00:00'), Timestamp('2025-08-10 00:00:00'), Timestamp('2025-08-17 00:00:00'), Timestamp('2025-08-24 00:00:00'), Timestamp('2025-08-31 00:00:00'), Timestamp('2025-09-07 00:00:00'), Timestamp('2025-09-14 00:00:00'), Timestamp('2025-09-21 00:00:00'), Timestamp('2025-09-28 00:00:00'), Timestamp('2025-10-05 00:00:00')]",13
B0CMJSH15D,B650 A ELITE AX ICE,"[Timestamp('2025-06-22 00:00:00'), Timestamp('2025-07-06 00:00:00'), Timestamp('2025-07-27 00:00:00'), Timestamp('2025-08-03 00:00:00'), Timestamp('2025-08-10 00:00:00'), Timestamp('2025-08-17 00:00:00'), Timestamp('2025-08-24 00:00:00'), Timestamp('2025-08-31 00:00:00'), Timestamp('2025-09-07 00:00:00'), Timestamp('2025-09-14 00:00:00'), Timestamp('2025-09-21 00:00:00'), Timestamp('2025-09-28 00:00:00'), Timestamp('2025-10-05 00:00:00')]",13
B0CCWLMK56,B650M C V2                    ,"[Timestamp('2025-03-02 00:00:00'), Timestamp('2025-03-09 00:00:00'), Timestamp('2025-03-16 00:00:00'), Timestamp('2025-03-23 00:00:00'), Timestamp('2025-03-30 00:00:00'), Timestamp('2025-04-06 00:00:00'), Timestamp('2025-04-13 00:00:00'), Timestamp('2025-04-20 00:00:00'), Timestamp('2025-04-27 00:00:00'), Timestamp('2025-05-04 00:00:00'), Timestamp('2025-05-11 00:00:00'), Timestamp('2025-05-18 00:00:00'), Timestamp('2025-05-25 00:00:00'), Timestamp('2025-06-01 00:00:00'), Timestamp('2025-06-08 00:00:00'), Timestamp('2025-06-15 00:00:00')]",16
B0CCWLMK56,B650M C V2                    ,"[Timestamp('2025-03-02 00:00:00'), Timestamp('2025-03-09 00:00:00'), Timestamp('2025-03-16 00:00:00'), Timestamp('2025-03-23 00:00:00'), Timestamp('2025-03-30 00:00:00'), Timestamp('2025-04-06 00:00:00'), Timestamp('2025-04-13 00:00:00'), Timestamp('2025-04-20 00:00:00'), Timestamp('2025-04-27 00:00:00'), Timestamp('2025-05-04 00:00:00'), Timestamp('2025-05-11 00:00:00'), Timestamp('2025-05-18 00:00:00'), Timestamp('2025-05-25 00:00:00'), Timestamp('2025-06-01 00:00:00'), Timestamp('2025-06-08 00:00:00'), Timestamp('2025-06-15 00:00:00')]",16
B0CMK1W2YX,B650 A ELITE AX V2            ,"[Timestamp('2025-06-22 00:00:00'), Timestamp('2025-06-29 00:00:00'), Timestamp('2025-07-06 00:00:00'), Timestamp('2025-07-13 00:00:00'), Timestamp('2025-07-20 00:00:00'), Timestamp('2025-07-27 00:00:00'), Timestamp('2025-08-03 00:00:00'), Timestamp('2025-08-10 00:00:00'), Timestamp('2025-08-24 00:00:00'), Timestamp('2025-08-31 00:00:00'), Timestamp('2025-09-14 00:00:00'), Timestamp('2025-09-21 00:00:00'), Timestamp('2025-09-28 00:00:00'), Timestamp('2025-10-05 00:00:00')]",14
B0CMK1W2YX,B650 A ELITE AX V2            ,"[Timestamp('2025-06-22 00:00:00'), Timestamp('2025-06-29 00:00:00'), Timestamp('2025-07-06 00:00:00'), Timestamp('2025-07-13 00:00:00'), Timestamp('2025-07-20 00:00:00'), Timestamp('2025-07-27 00:00:00'), Timestamp('2025-08-03 00:00:00'), Timestamp('2025-08-10 00:00:00'), Timestamp('2025-08-24 00:00:00'), Timestamp('2025-08-31 00:00:00'), Timestamp('2025-09-14 00:00:00'), Timestamp('2025-09-21 00:00:00'), Timestamp('2025-09-28 00:00:00'), Timestamp('2025-10-05 00:00:00')]",14
B0CNR6L1DH,B760M D3H                     ,"[Timestamp('2025-03-09 00:00:00'), Timestamp('2025-03-16 00:00:00'), Timestamp('2025-03-23 00:00:00'), Timestamp('2025-03-30 00:00:00'), Timestamp('2025-04-06 00:00:00'), Timestamp('2025-04-27 00:00:00'), Timestamp('2025-05-04 00:00:00'), Timestamp('2025-05-11 00:00:00'), Timestamp('2025-05-18 00:00:00'), Timestamp('2025-05-25 00:00:00'), Timestamp('2025-06-01 00:00:00'), Timestamp('2025-06-08 00:00:00'), Timestamp('2025-06-15 00:00:00'), Timestamp('2025-06-22 00:00:00')]",14
B0CNR6L1DH,B760M D3H                     ,"[Timestamp('2025-03-09 00:00:00'), Timestamp('2025-03-16 00:00:00'), Timestamp('2025-03-23 00:00:00'), Timestamp('2025-03-30 00:00:00'), Timestamp('2025-04-06 00:00:00'), Timestamp('2025-04-27 00:00:00'), Timestamp('2025-05-04 00:00:00'), Timestamp('2025-05-11 00:00:00'), Timestamp('2025-05-18 00:00:00'), Timestamp('2025-05-25 00:00:00'), Timestamp('2025-06-01 00:00:00'), Timestamp('2025-06-08 00:00:00'), Timestamp('2025-06-15 00:00:00'), Timestamp('2025-06-22 00:00:00')]",14
B0D2V2FPS7,A620M GAMING X AX,"[Timestamp('2025-06-22 00:00:00'), Timestamp('2025-06-29 00:00:00'), Timestamp('2025-09-07 00:00:00'), Timestamp('2025-09-14 00:00:00'), Timestamp('2025-09-21 00:00:00'), Timestamp('2025-09-28 00:00:00'), Timestamp('2025-10-05 00:00:00')]",7
B0D2V2FPS7,A620M GAMING X AX,"[Timestamp('2025-06-22 00:00:00'), Timestamp('2025-06-29 00:00:00'), Timestamp('2025-09-07 00:00:00'), Timestamp('2025-09-14 00:00:00'), Timestamp('2025-09-21 00:00:00'), Timestamp('2025-09-28 00:00:00'), Timestamp('2025-10-05 00:00:00')]",7
B07VQJYR99,B450M DS3H WIFI-Y1,"[Timestamp('2025-03-23 00:00:00'), Timestamp('2025-03-30 00:00:00'), Timestamp('2025-04-06 00:00:00'), Timestamp('2025-04-13 00:00:00'), Timestamp('2025-04-20 00:00:00'), Timestamp('2025-04-27 00:00:00'), Timestamp('2025-05-04 00:00:00'), Timestamp('2025-06-01 00:00:00'), Timestamp('2025-06-08 00:00:00'), Timestamp('2025-06-15 00:00:00'), Timestamp('2025-06-22 00:00:00'), Timestamp('2025-06-29 00:00:00'), Timestamp('2025-07-06 00:00:00')]",13
B07VQJYR99,B450M DS3H WIFI-Y1,"[Timestamp('2025-03-23 00:00:00'), Timestamp('2025-03-30 00:00:00'), Timestamp('2025-04-06 00:00:00'), Timestamp('2025-04-13 00:00:00'), Timestamp('2025-04-20 00:00:00'), Timestamp('2025-04-27 00:00:00'), Timestamp('2025-05-04 00:00:00'), Timestamp('2025-06-01 00:00:00'), Timestamp('2025-06-08 00:00:00'), Timestamp('2025-06-15 00:00:00'), Timestamp('2025-06-22 00:00:00'), Timestamp('2025-06-29 00:00:00'), Timestamp('2025-07-06 00:00:00')]",13
B0D8WH9NG3,B550 AORUS ELITE AX V3,"[Timestamp('2025-06-22 00:00:00'), Timestamp('2025-06-29 00:00:00'), Timestamp('2025-07-13 00:00:00'), Timestamp('2025-07-20 00:00:00'), Timestamp('2025-08-10 00:00:00'), Timestamp('2025-08-17 00:00:00'), Timestamp('2025-08-24 00:00:00'), Timestamp('2025-08-31 00:00:00'), Timestamp('2025-09-07 00:00:00'), Timestamp('2025-09-14 00:00:00'), Timestamp('2025-09-21 00:00:00'), Timestamp('2025-09-28 00:00:00'), Timestamp('2025-10-05 00:00:00')]",13
B0D8WH9NG3,B550 AORUS ELITE AX V3,"[Timestamp('2025-06-22 00:00:00'), Timestamp('2025-06-29 00:00:00'), Timestamp('2025-07-13 00:00:00'), Timestamp('2025-07-20 00:00:00'), Timestamp('2025-08-10 00:00:00'), Timestamp('2025-08-17 00:00:00'), Timestamp('2025-08-24 00:00:00'), Timestamp('2025-08-31 00:00:00'), Timestamp('2025-09-07 00:00:00'), Timestamp('2025-09-14 00:00:00'), Timestamp('2025-09-21 00:00:00'), Timestamp('2025-09-28 00:00:00'), Timestamp('2025-10-05 00:00:00')]",13
B083TZ68H1,B650 EAGLE AX,"[Timestamp('2025-06-29 00:00:00'), Timestamp('2025-07-13 00:00:00'), Timestamp('2025-07-20 00:00:00'), Timestamp('2025-07-27 00:00:00'), Timestamp('2025-08-10 00:00:00'), Timestamp('2025-08-17 00:00:00'), Timestamp('2025-08-24 00:00:00'), Timestamp('2025-08-31 00:00:00'), Timestamp('2025-09-07 00:00:00')]",9
B083TZ68H1,B650 EAGLE AX,"[Timestamp('2025-06-29 00:00:00'), Timestamp('2025-07-13 00:00:00'), Timestamp('2025-07-20 00:00:00'), Timestamp('2025-07-27 00:00:00'), Timestamp('2025-08-10 00:00:00'), Timestamp('2025-08-17 00:00:00'), Timestamp('2025-08-24 00:00:00'), Timestamp('2025-08-31 00:00:00'), Timestamp('2025-09-07 00:00:00')]",9
B0CTNYTX8Y,B650 UD AC,"[Timestamp('2025-06-22 00:00:00'), Timestamp('2025-06-29 00:00:00'), Timestamp('2025-07-06 00:00:00'), Timestamp('2025-07-13 00:00:00'), Timestamp('2025-07-20 00:00:00')]",5
B0CTNYTX8Y,B650 UD AC,"[Timestamp('2025-06-22 00:00:00'), Timestamp('2025-06-29 00:00:00'), Timestamp('2025-07-06 00:00:00'), Timestamp('2025-07-13 00:00:00'), Timestamp('2025-07-20 00:00:00')]",5
B083SJLWL9,B650M AORUS ELITE AX ICE,"[Timestamp('2025-06-22 00:00:00'), Timestamp('2025-06-29 00:00:00'), Timestamp('2025-07-06 00:00:00'), Timestamp('2025-07-13 00:00:00'), Timestamp('2025-07-20 00:00:00'), Timestamp('2025-07-27 00:00:00'), Timestamp('2025-08-03 00:00:00'), Timestamp('2025-08-10 00:00:00'), Timestamp('2025-08-17 00:00:00'), Timestamp('2025-08-24 00:00:00'), Timestamp('2025-09-07 00:00:00'), Timestamp('2025-09-14 00:00:00'), Timestamp('2025-09-21 00:00:00'), Timestamp('2025-09-28 00:00:00')]",14
B083SJLWL9,B650M AORUS ELITE AX ICE,"[Timestamp('2025-06-22 00:00:00'), Timestamp('2025-06-29 00:00:00'), Timestamp('2025-07-06 00:00:00'), Timestamp('2025-07-13 00:00:00'), Timestamp('2025-07-20 00:00:00'), Timestamp('2025-07-27 00:00:00'), Timestamp('2025-08-03 00:00:00'), Timestamp('2025-08-10 00:00:00'), Timestamp('2025-08-17 00:00:00'), Timestamp('2025-08-24 00:00:00'), Timestamp('2025-09-07 00:00:00'), Timestamp('2025-09-14 00:00:00'), Timestamp('2025-09-21 00:00:00'), Timestamp('2025-09-28 00:00:00')]",14
B0D8WKK29M,B650M C V3,"[Timestamp('2025-06-29 00:00:00'), Timestamp('2025-07-06 00:00:00'), Timestamp('2025-07-13 00:00:00'), Timestamp('2025-07-20 00:00:00'), Timestamp('2025-07-27 00:00:00'), Timestamp('2025-08-03 00:00:00'), Timestamp('2025-08-10 00:00:00'), Timestamp('2025-08-17 00:00:00'), Timestamp('2025-08-24 00:00:00'), Timestamp('2025-08-31 00:00:00'), Timestamp('2025-09-07 00:00:00'), Timestamp('2025-09-14 00:00:00'), Timestamp('2025-09-21 00:00:00'), Timestamp('2025-09-28 00:00:00'), Timestamp('2025-10-05 00:00:00')]",15
B0D8WKK29M,B650M C V3,"[Timestamp('2025-06-29 00:00:00'), Timestamp('2025-07-06 00:00:00'), Timestamp('2025-07-13 00:00:00'), Timestamp('2025-07-20 00:00:00'), Timestamp('2025-07-27 00:00:00'), Timestamp('2025-08-03 00:00:00'), Timestamp('2025-08-10 00:00:00'), Timestamp('2025-08-17 00:00:00'), Timestamp('2025-08-24 00:00:00'), Timestamp('2025-08-31 00:00:00'), Timestamp('2025-09-07 00:00:00'), Timestamp('2025-09-14 00:00:00'), Timestamp('2025-09-21 00:00:00'), Timestamp('2025-09-28 00:00:00'), Timestamp('2025-10-05 00:00:00')]",15
B0CTTXH95Q,B650M D3HP AX,"[Timestamp('2025-06-29 00:00:00'), Timestamp('2025-07-20 00:00:00'), Timestamp('2025-07-27 00:00:00'), Timestamp('2025-08-03 00:00:00'), Timestamp('2025-08-10 00:00:00'), Timestamp('2025-08-17 00:00:00'), Timestamp('2025-08-24 00:00:00'), Timestamp('2025-08-31 00:00:00'), Timestamp('2025-09-07 00:00:00'), Timestamp('2025-09-14 00:00:00'), Timestamp('2025-09-21 00:00:00'), Timestamp('2025-09-28 00:00:00'), Timestamp('2025-10-05 00:00:00')]",13
B0CTTXH95Q,B650M D3HP AX,"[Timestamp('2025-06-29 00:00:00'), Timestamp('2025-07-20 00:00:00'), Timestamp('2025-07-27 00:00:00'), Timestamp('2025-08-03 00:00:00'), Timestamp('2025-08-10 00:00:00'), Timestamp('2025-08-17 00:00:00'), Timestamp('2025-08-24 00:00:00'), Timestamp('2025-08-31 00:00:00'), Timestamp('2025-09-07 00:00:00'), Timestamp('2025-09-14 00:00:00'), Timestamp('2025-09-21 00:00:00'), Timestamp('2025-09-28 00:00:00'), Timestamp('2025-10-05 00:00:00')]",13
B0D2V4VH2C,B650M GAMING PLUS WIFI,"[Timestamp('2025-06-22 00:00:00'), Timestamp('2025-06-29 00:00:00'), Timestamp('2025-07-06 00:00:00'), Timestamp('2025-07-13 00:00:00'), Timestamp('2025-07-20 00:00:00'), Timestamp('2025-07-27 00:00:00'), Timestamp('2025-08-03 00:00:00'), Timestamp('2025-08-10 00:00:00'), Timestamp('2025-08-17 00:00:00'), Timestamp('2025-08-24 00:00:00'), Timestamp('2025-08-31 00:00:00'), Timestamp('2025-09-07 00:00:00'), Timestamp('2025-09-14 00:00:00'), Timestamp('2025-09-21 00:00:00'), Timestamp('2025-09-28 00:00:00'), Timestamp('2025-10-05 00:00:00')]",16
B0D2V4VH2C,B650M GAMING PLUS WIFI,"[Timestamp('2025-06-22 00:00:00'), Timestamp('2025-06-29 00:00:00'), Timestamp('2025-07-06 00:00:00'), Timestamp('2025-07-13 00:00:00'), Timestamp('2025-07-20 00:00:00'), Timestamp('2025-07-27 00:00:00'), Timestamp('2025-08-03 00:00:00'), Timestamp('2025-08-10 00:00:00'), Timestamp('2025-08-17 00:00:00'), Timestamp('2025-08-24 00:00:00'), Timestamp('2025-08-31 00:00:00'), Timestamp('2025-09-07 00:00:00'), Timestamp('2025-09-14 00:00:00'), Timestamp('2025-09-21 00:00:00'), Timestamp('2025-09-28 00:00:00'), Timestamp('2025-10-05 00:00:00')]",16
B0CTTW2MVG,B760 DS3H AC,"[Timestamp('2025-05-18 00:00:00'), Timestamp('2025-05-25 00:00:00'), Timestamp('2025-06-01 00:00:00'), Timestamp('2025-06-08 00:00:00'), Timestamp('2025-06-15 00:00:00'), Timestamp('2025-06-29 00:00:00'), Timestamp('2025-07-13 00:00:00'), Timestamp('2025-07-20 00:00:00'), Timestamp('2025-08-10 00:00:00'), Timestamp('2025-08-17 00:00:00'), Timestamp('2025-08-24 00:00:00'), Timestamp('2025-08-31 00:00:00')]",12
B0CTTW2MVG,B760 DS3H AC,"[Timestamp('2025-05-18 00:00:00'), Timestamp('2025-05-25 00:00:00'), Timestamp('2025-06-01 00:00:00'), Timestamp('2025-06-08 00:00:00'), Timestamp('2025-06-15 00:00:00'), Timestamp('2025-06-29 00:00:00'), Timestamp('2025-07-13 00:00:00'), Timestamp('2025-07-20 00:00:00'), Timestamp('2025-08-10 00:00:00'), Timestamp('2025-08-17 00:00:00'), Timestamp('2025-08-24 00:00:00'), Timestamp('2025-08-31 00:00:00')]",12
B0CTTWZCVK,B760 DS3H AX,"[Timestamp('2025-06-22 00:00:00'), Timestamp('2025-06-29 00:00:00'), Timestamp('2025-07-13 00:00:00'), Timestamp('2025-07-20 00:00:00'), Timestamp('2025-07-27 00:00:00'), Timestamp('2025-08-03 00:00:00'), Timestamp('2025-08-10 00:00:00'), Timestamp('2025-08-17 00:00:00'), Timestamp('2025-08-24 00:00:00'), Timestamp('2025-08-31 00:00:00'), Timestamp('2025-09-07 00:00:00'), Timestamp('2025-09-14 00:00:00'), Timestamp('2025-09-21 00:00:00'), Timestamp('2025-09-28 00:00:00'), Timestamp('2025-10-05 00:00:00')]",15
B0CTTWZCVK,B760 DS3H AX,"[Timestamp('2025-06-22 00:00:00'), Timestamp('2025-06-29 00:00:00'), Timestamp('2025-07-13 00:00:00'), Timestamp('2025-07-20 00:00:00'), Timestamp('2025-07-27 00:00:00'), Timestamp('2025-08-03 00:00:00'), Timestamp('2025-08-10 00:00:00'), Timestamp('2025-08-17 00:00:00'), Timestamp('2025-08-24 00:00:00'), Timestamp('2025-08-31 00:00:00'), Timestamp('2025-09-07 00:00:00'), Timestamp('2025-09-14 00:00:00'), Timestamp('2025-09-21 00:00:00'), Timestamp('2025-09-28 00:00:00'), Timestamp('2025-10-05 00:00:00')]",15
B0D8WH4J3H,B760 DS3H AX V2,"[Timestamp('2025-06-22 00:00:00'), Timestamp('2025-06-29 00:00:00'), Timestamp('2025-07-06 00:00:00'), Timestamp('2025-07-13 00:00:00'), Timestamp('2025-07-20 00:00:00'), Timestamp('2025-07-27 00:00:00'), Timestamp('2025-08-03 00:00:00'), Timestamp('2025-08-10 00:00:00'), Timestamp('2025-08-17 00:00:00'), Timestamp('2025-08-24 00:00:00'), Timestamp('2025-08-31 00:00:00'), Timestamp('2025-09-07 00:00:00'), Timestamp('2025-09-14 00:00:00'), Timestamp('2025-09-21 00:00:00'), Timestamp('2025-09-28 00:00:00'), Timestamp('2025-10-05 00:00:00')]",16
B0D8WH4J3H,B760 DS3H AX V2,"[Timestamp('2025-06-22 00:00:00'), Timestamp('2025-06-29 00:00:00'), Timestamp('2025-07-06 00:00:00'), Timestamp('2025-07-13 00:00:00'), Timestamp('2025-07-20 00:00:00'), Timestamp('2025-07-27 00:00:00'), Timestamp('2025-08-03 00:00:00'), Timestamp('2025-08-10 00:00:00'), Timestamp('2025-08-17 00:00:00'), Timestamp('2025-08-24 00:00:00'), Timestamp('2025-08-31 00:00:00'), Timestamp('2025-09-07 00:00:00'), Timestamp('2025-09-14 00:00:00'), Timestamp('2025-09-21 00:00:00'), Timestamp('2025-09-28 00:00:00'), Timestamp('2025-10-05 00:00:00')]",16
B0D8WJ3PYB,B760M C V2,"[Timestamp('2025-06-08 00:00:00'), Timestamp('2025-06-15 00:00:00'), Timestamp('2025-06-22 00:00:00'), Timestamp('2025-06-29 00:00:00'), Timestamp('2025-07-06 00:00:00'), Timestamp('2025-07-13 00:00:00'), Timestamp('2025-07-20 00:00:00'), Timestamp('2025-07-27 00:00:00'), Timestamp('2025-08-03 00:00:00'), Timestamp('2025-08-10 00:00:00'), Timestamp('2025-08-17 00:00:00'), Timestamp('2025-08-24 00:00:00'), Timestamp('2025-08-31 00:00:00'), Timestamp('2025-09-14 00:00:00'), Timestamp('2025-09-21 00:00:00')]",15
B0D8WJ3PYB,B760M C V2,"[Timestamp('2025-06-08 00:00:00'), Timestamp('2025-06-15 00:00:00'), Timestamp('2025-06-22 00:00:00'), Timestamp('2025-06-29 00:00:00'), Timestamp('2025-07-06 00:00:00'), Timestamp('2025-07-13 00:00:00'), Timestamp('2025-07-20 00:00:00'), Timestamp('2025-07-27 00:00:00'), Timestamp('2025-08-03 00:00:00'), Timestamp('2025-08-10 00:00:00'), Timestamp('2025-08-17 00:00:00'), Timestamp('2025-08-24 00:00:00'), Timestamp('2025-08-31 00:00:00'), Timestamp('2025-09-14 00:00:00'), Timestamp('2025-09-21 00:00:00')]",15
B0D54QJ9CJ,B760M GAMING PLUS WIFI DDR4,"[Timestamp('2025-06-29 00:00:00'), Timestamp('2025-07-06 00:00:00'), Timestamp('2025-07-20 00:00:00'), Timestamp('2025-08-10 00:00:00'), Timestamp('2025-08-17 00:00:00'), Timestamp('2025-08-24 00:00:00'), Timestamp('2025-08-31 00:00:00'), Timestamp('2025-09-07 00:00:00'), Timestamp('2025-09-14 00:00:00'), Timestamp('2025-09-21 00:00:00'), Timestamp('2025-09-28 00:00:00')]",11
B0D54QJ9CJ,B760M GAMING PLUS WIFI DDR4,"[Timestamp('2025-06-29 00:00:00'), Timestamp('2025-07-06 00:00:00'), Timestamp('2025-07-20 00:00:00'), Timestamp('2025-08-10 00:00:00'), Timestamp('2025-08-17 00:00:00'), Timestamp('2025-08-24 00:00:00'), Timestamp('2025-08-31 00:00:00'), Timestamp('2025-09-07 00:00:00'), Timestamp('2025-09-14 00:00:00'), Timestamp('2025-09-21 00:00:00'), Timestamp('2025-09-28 00:00:00')]",11
B0CPW1F841,TRX50 AERO D,"[Timestamp('2025-08-03 00:00:00'), Timestamp('2025-08-10 00:00:00'), Timestamp('2025-08-24 00:00:00'), Timestamp('2025-08-31 00:00:00'), Timestamp('2025-09-07 00:00:00'), Timestamp('2025-09-14 00:00:00'), Timestamp('2025-09-21 00:00:00'), Timestamp('2025-09-28 00:00:00'), Timestamp('2025-10-05 00:00:00')]",9
B0CPW1F841,TRX50 AERO D,"[Timestamp('2025-08-03 00:00:00'), Timestamp('2025-08-10 00:00:00'), Timestamp('2025-08-24 00:00:00'), Timestamp('2025-08-31 00:00:00'), Timestamp('2025-09-07 00:00:00'), Timestamp('2025-09-14 00:00:00'), Timestamp('2025-09-21 00:00:00'), Timestamp('2025-09-28 00:00:00'), Timestamp('2025-10-05 00:00:00')]",9
B0DGVC3DDW,X870 AORUS ELITE WIFI7,"[Timestamp('2025-06-22 00:00:00'), Timestamp('2025-06-29 00:00:00'), Timestamp('2025-07-06 00:00:00'), Timestamp('2025-07-13 00:00:00'), Timestamp('2025-07-20 00:00:00'), Timestamp('2025-07-27 00:00:00'), Timestamp('2025-08-03 00:00:00'), Timestamp('2025-08-10 00:00:00'), Timestamp('2025-08-17 00:00:00'), Timestamp('2025-08-24 00:00:00'), Timestamp('2025-08-31 00:00:00'), Timestamp('2025-09-07 00:00:00'), Timestamp('2025-09-14 00:00:00'), Timestamp('2025-09-21 00:00:00'), Timestamp('2025-09-28 00:00:00'), Timestamp('2025-10-05 00:00:00')]",16
B0DGVC3DDW,X870 AORUS ELITE WIFI7,"[Timestamp('2025-06-22 00:00:00'), Timestamp('2025-06-29 00:00:00'), Timestamp('2025-07-06 00:00:00'), Timestamp('2025-07-13 00:00:00'), Timestamp('2025-07-20 00:00:00'), Timestamp('2025-07-27 00:00:00'), Timestamp('2025-08-03 00:00:00'), Timestamp('2025-08-10 00:00:00'), Timestamp('2025-08-17 00:00:00'), Timestamp('2025-08-24 00:00:00'), Timestamp('2025-08-31 00:00:00'), Timestamp('2025-09-07 00:00:00'), Timestamp('2025-09-14 00:00:00'), Timestamp('2025-09-21 00:00:00'), Timestamp('2025-09-28 00:00:00'), Timestamp('2025-10-05 00:00:00')]",16
B0DGVGRVLQ,X870 AORUS ELITE WIFI7 ICE,"[Timestamp('2025-06-22 00:00:00'), Timestamp('2025-06-29 00:00:00'), Timestamp('2025-07-06 00:00:00'), Timestamp('2025-07-13 00:00:00'), Timestamp('2025-07-20 00:00:00'), Timestamp('2025-07-27 00:00:00'), Timestamp('2025-08-03 00:00:00'), Timestamp('2025-08-10 00:00:00'), Timestamp('2025-08-17 00:00:00'), Timestamp('2025-08-24 00:00:00'), Timestamp('2025-08-31 00:00:00'), Timestamp('2025-09-07 00:00:00'), Timestamp('2025-09-14 00:00:00'), Timestamp('2025-09-21 00:00:00'), Timestamp('2025-09-28 00:00:00'), Timestamp('2025-10-05 00:00:00')]",16
B0DGVGRVLQ,X870 AORUS ELITE WIFI7 ICE,"[Timestamp('2025-06-22 00:00:00'), Timestamp('2025-06-29 00:00:00'), Timestamp('2025-07-06 00:00:00'), Timestamp('2025-07-13 00:00:00'), Timestamp('2025-07-20 00:00:00'), Timestamp('2025-07-27 00:00:00'), Timestamp('2025-08-03 00:00:00'), Timestamp('2025-08-10 00:00:00'), Timestamp('2025-08-17 00:00:00'), Timestamp('2025-08-24 00:00:00'), Timestamp('2025-08-31 00:00:00'), Timestamp('2025-09-07 00:00:00'), Timestamp('2025-09-14 00:00:00'), Timestamp('2025-09-21 00:00:00'), Timestamp('2025-09-28 00:00:00'), Timestamp('2025-10-05 00:00:00')]",16
B0DGVMYTW6,X870 EAGLE WIFI7,"[Timestamp('2025-06-22 00:00:00'), Timestamp('2025-06-29 00:00:00'), Timestamp('2025-07-06 00:00:00'), Timestamp('2025-07-13 00:00:00'), Timestamp('2025-07-20 00:00:00'), Timestamp('2025-08-03 00:00:00'), Timestamp('2025-08-10 00:00:00'), Timestamp('2025-08-17 00:00:00'), Timestamp('2025-08-24 00:00:00'), Timestamp('2025-08-31 00:00:00'), Timestamp('2025-09-07 00:00:00'), Timestamp('2025-09-14 00:00:00'), Timestamp('2025-09-21 00:00:00'), Timestamp('2025-09-28 00:00:00'), Timestamp('2025-10-05 00:00:00')]",15
B0DGVMYTW6,X870 EAGLE WIFI7,"[Timestamp('2025-06-22 00:00:00'), Timestamp('2025-06-29 00:00:00'), Timestamp('2025-07-06 00:00:00'), Timestamp('2025-07-13 00:00:00'), Timestamp('2025-07-20 00:00:00'), Timestamp('2025-08-03 00:00:00'), Timestamp('2025-08-10 00:00:00'), Timestamp('2025-08-17 00:00:00'), Timestamp('2025-08-24 00:00:00'), Timestamp('2025-08-31 00:00:00'), Timestamp('2025-09-07 00:00:00'), Timestamp('2025-09-14 00:00:00'), Timestamp('2025-09-21 00:00:00'), Timestamp('2025-09-28 00:00:00'), Timestamp('2025-10-05 00:00:00')]",15
B0DHWLN5XT,X870 GAMING WIFI6,"[Timestamp('2025-09-07 00:00:00'), Timestamp('2025-09-14 00:00:00'), Timestamp('2025-09-21 00:00:00')]",3
B0DHWLN5XT,X870 GAMING WIFI6,"[Timestamp('2025-09-07 00:00:00'), Timestamp('2025-09-14 00:00:00'), Timestamp('2025-09-21 00:00:00')]",3
B0DGVGT3PJ,X870 GAMING X WIFI7,"[Timestamp('2025-06-22 00:00:00'), Timestamp('2025-06-29 00:00:00'), Timestamp('2025-07-13 00:00:00'), Timestamp('2025-07-20 00:00:00'), Timestamp('2025-07-27 00:00:00'), Timestamp('2025-08-03 00:00:00'), Timestamp('2025-08-10 00:00:00'), Timestamp('2025-08-17 00:00:00'), Timestamp('2025-08-24 00:00:00'), Timestamp('2025-08-31 00:00:00'), Timestamp('2025-09-07 00:00:00'), Timestamp('2025-09-21 00:00:00'), Timestamp('2025-09-28 00:00:00'), Timestamp('2025-10-05 00:00:00')]",14
B0DGVGT3PJ,X870 GAMING X WIFI7,"[Timestamp('2025-06-22 00:00:00'), Timestamp('2025-06-29 00:00:00'), Timestamp('2025-07-13 00:00:00'), Timestamp('2025-07-20 00:00:00'), Timestamp('2025-07-27 00:00:00'), Timestamp('2025-08-03 00:00:00'), Timestamp('2025-08-10 00:00:00'), Timestamp('2025-08-17 00:00:00'), Timestamp('2025-08-24 00:00:00'), Timestamp('2025-08-31 00:00:00'), Timestamp('2025-09-07 00:00:00'), Timestamp('2025-09-21 00:00:00'), Timestamp('2025-09-28 00:00:00'), Timestamp('2025-10-05 00:00:00')]",14
B0DGVBM73J,X870E AORUS ELITE WIFI7,"[Timestamp('2025-06-22 00:00:00'), Timestamp('2025-06-29 00:00:00'), Timestamp('2025-07-13 00:00:00'), Timestamp('2025-07-20 00:00:00'), Timestamp('2025-07-27 00:00:00'), Timestamp('2025-08-03 00:00:00'), Timestamp('2025-08-10 00:00:00'), Timestamp('2025-08-17 00:00:00'), Timestamp('2025-08-24 00:00:00'), Timestamp('2025-08-31 00:00:00'), Timestamp('2025-09-07 00:00:00'), Timestamp('2025-09-14 00:00:00'), Timestamp('2025-09-21 00:00:00'), Timestamp('2025-09-28 00:00:00'), Timestamp('2025-10-05 00:00:00')]",15
B0DGVBM73J,X870E AORUS ELITE WIFI7,"[Timestamp('2025-06-22 00:00:00'), Timestamp('2025-06-29 00:00:00'), Timestamp('2025-07-13 00:00:00'), Timestamp('2025-07-20 00:00:00'), Timestamp('2025-07-27 00:00:00'), Timestamp('2025-08-03 00:00:00'), Timestamp('2025-08-10 00:00:00'), Timestamp('2025-08-17 00:00:00'), Timestamp('2025-08-24 00:00:00'), Timestamp('2025-08-31 00:00:00'), Timestamp('2025-09-07 00:00:00'), Timestamp('2025-09-14 00:00:00'), Timestamp('2025-09-21 00:00:00'), Timestamp('2025-09-28 00:00:00'), Timestamp('2025-10-05 00:00:00')]",15
B0DGVSW4FD,X870E AORUS MASTER,"[Timestamp('2025-06-22 00:00:00'), Timestamp('2025-06-29 00:00:00'), Timestamp('2025-07-13 00:00:00'), Timestamp('2025-07-20 00:00:00'), Timestamp('2025-07-27 00:00:00'), Timestamp('2025-08-03 00:00:00'), Timestamp('2025-08-10 00:00:00'), Timestamp('2025-08-17 00:00:00'), Timestamp('2025-08-24 00:00:00'), Timestamp('2025-08-31 00:00:00'), Timestamp('2025-09-07 00:00:00'), Timestamp('2025-09-14 00:00:00'), Timestamp('2025-09-21 00:00:00'), Timestamp('2025-09-28 00:00:00'), Timestamp('2025-10-05 00:00:00')]",15
B0DGVSW4FD,X870E AORUS MASTER,"[Timestamp('2025-06-22 00:00:00'), Timestamp('2025-06-29 00:00:00'), Timestamp('2025-07-13 00:00:00'), Timestamp('2025-07-20 00:00:00'), Timestamp('2025-07-27 00:00:00'), Timestamp('2025-08-03 00:00:00'), Timestamp('2025-08-10 00:00:00'), Timestamp('2025-08-17 00:00:00'), Timestamp('2025-08-24 00:00:00'), Timestamp('2025-08-31 00:00:00'), Timestamp('2025-09-07 00:00:00'), Timestamp('2025-09-14 00:00:00'), Timestamp('2025-09-21 00:00:00'), Timestamp('2025-09-28 00:00:00'), Timestamp('2025-10-05 00:00:00')]",15
B0DGVGV7YN,X870E AORUS PRO,"[Timestamp('2025-07-06 00:00:00'), Timestamp('2025-07-13 00:00:00'), Timestamp('2025-07-20 00:00:00'), Timestamp('2025-07-27 00:00:00'), Timestamp('2025-08-03 00:00:00'), Timestamp('2025-08-10 00:00:00'), Timestamp('2025-08-17 00:00:00'), Timestamp('2025-08-24 00:00:00'), Timestamp('2025-08-31 00:00:00'), Timestamp('2025-09-07 00:00:00'), Timestamp('2025-09-14 00:00:00'), Timestamp('2025-09-21 00:00:00'), Timestamp('2025-09-28 00:00:00'), Timestamp('2025-10-05 00:00:00')]",14
B0DGVGV7YN,X870E AORUS PRO,"[Timestamp('2025-07-06 00:00:00'), Timestamp('2025-07-13 00:00:00'), Timestamp('2025-07-20 00:00:00'), Timestamp('2025-07-27 00:00:00'), Timestamp('2025-08-03 00:00:00'), Timestamp('2025-08-10 00:00:00'), Timestamp('2025-08-17 00:00:00'), Timestamp('2025-08-24 00:00:00'), Timestamp('2025-08-31 00:00:00'), Timestamp('2025-09-07 00:00:00'), Timestamp('2025-09-14 00:00:00'), Timestamp('2025-09-21 00:00:00'), Timestamp('2025-09-28 00:00:00'), Timestamp('2025-10-05 00:00:00')]",14
B0DGVBSLLP,X870E AORUS PRO ICE,"[Timestamp('2025-07-13 00:00:00'), Timestamp('2025-07-20 00:00:00'), Timestamp('2025-08-17 00:00:00'), Timestamp('2025-08-24 00:00:00'), Timestamp('2025-08-31 00:00:00'), Timestamp('2025-09-21 00:00:00'), Timestamp('2025-10-05 00:00:00')]",7
B0DGVBSLLP,X870E AORUS PRO ICE,"[Timestamp('2025-07-13 00:00:00'), Timestamp('2025-07-20 00:00:00'), Timestamp('2025-08-17 00:00:00'), Timestamp('2025-08-24 00:00:00'), Timestamp('2025-08-31 00:00:00'), Timestamp('2025-09-21 00:00:00'), Timestamp('2025-10-05 00:00:00')]",7
B0CTTVFWHM,Z790 AORUS PRO X WIFI7,"[Timestamp('2025-06-29 00:00:00'), Timestamp('2025-07-06 00:00:00'), Timestamp('2025-07-13 00:00:00'), Timestamp('2025-07-20 00:00:00'), Timestamp('2025-07-27 00:00:00'), Timestamp('2025-08-17 00:00:00'), Timestamp('2025-08-31 00:00:00'), Timestamp('2025-09-07 00:00:00'), Timestamp('2025-09-14 00:00:00')]",9
B0CTTVFWHM,Z790 AORUS PRO X WIFI7,"[Timestamp('2025-06-29 00:00:00'), Timestamp('2025-07-06 00:00:00'), Timestamp('2025-07-13 00:00:00'), Timestamp('2025-07-20 00:00:00'), Timestamp('2025-07-27 00:00:00'), Timestamp('2025-08-17 00:00:00'), Timestamp('2025-08-31 00:00:00'), Timestamp('2025-09-07 00:00:00'), Timestamp('2025-09-14 00:00:00')]",9
B0CTNPZLNH,Z790 Eagle AX,"[Timestamp('2025-07-13 00:00:00'), Timestamp('2025-07-20 00:00:00'), Timestamp('2025-07-27 00:00:00'), Timestamp('2025-08-31 00:00:00'), Timestamp('2025-09-07 00:00:00'), Timestamp('2025-09-14 00:00:00'), Timestamp('2025-10-05 00:00:00')]",7
B0CTNPZLNH,Z790 Eagle AX,"[Timestamp('2025-07-13 00:00:00'), Timestamp('2025-07-20 00:00:00'), Timestamp('2025-07-27 00:00:00'), Timestamp('2025-08-31 00:00:00'), Timestamp('2025-09-07 00:00:00'), Timestamp('2025-09-14 00:00:00'), Timestamp('2025-10-05 00:00:00')]",7
B0D8WH39QJ,Z790 GAMING PLUS AX,"[Timestamp('2025-06-29 00:00:00'), Timestamp('2025-07-06 00:00:00'), Timestamp('2025-07-13 00:00:00'), Timestamp('2025-07-20 00:00:00'), Timestamp('2025-07-27 00:00:00'), Timestamp('2025-08-03 00:00:00'), Timestamp('2025-08-10 00:00:00'), Timestamp('2025-08-17 00:00:00'), Timestamp('2025-08-24 00:00:00'), Timestamp('2025-08-31 00:00:00'), Timestamp('2025-09-07 00:00:00'), Timestamp('2025-09-14 00:00:00'), Timestamp('2025-09-21 00:00:00'), Timestamp('2025-09-28 00:00:00'), Timestamp('2025-10-05 00:00:00')]",15
B0D8WH39QJ,Z790 GAMING PLUS AX,"[Timestamp('2025-06-29 00:00:00'), Timestamp('2025-07-06 00:00:00'), Timestamp('2025-07-13 00:00:00'), Timestamp('2025-07-20 00:00:00'), Timestamp('2025-07-27 00:00:00'), Timestamp('2025-08-03 00:00:00'), Timestamp('2025-08-10 00:00:00'), Timestamp('2025-08-17 00:00:00'), Timestamp('2025-08-24 00:00:00'), Timestamp('2025-08-31 00:00:00'), Timestamp('2025-09-07 00:00:00'), Timestamp('2025-09-14 00:00:00'), Timestamp('2025-09-21 00:00:00'), Timestamp('2025-09-28 00:00:00'), Timestamp('2025-10-05 00:00:00')]",15
B0D2RL4PT6,Z790 S WIFI DDR4,"[Timestamp('2025-06-22 00:00:00'), Timestamp('2025-06-29 00:00:00'), Timestamp('2025-07-13 00:00:00'), Timestamp('2025-07-20 00:00:00'), Timestamp('2025-07-27 00:00:00'), Timestamp('2025-08-03 00:00:00'), Timestamp('2025-08-10 00:00:00'), Timestamp('2025-08-17 00:00:00'), Timestamp('2025-08-24 00:00:00'), Timestamp('2025-08-31 00:00:00'), Timestamp('2025-09-07 00:00:00'), Timestamp('2025-09-14 00:00:00'), Timestamp('2025-09-21 00:00:00'), Timestamp('2025-09-28 00:00:00')]",14
B0D2RL4PT6,Z790 S WIFI DDR4,"[Timestamp('2025-06-22 00:00:00'), Timestamp('2025-06-29 00:00:00'), Timestamp('2025-07-13 00:00:00'), Timestamp('2025-07-20 00:00:00'), Timestamp('2025-07-27 00:00:00'), Timestamp('2025-08-03 00:00:00'), Timestamp('2025-08-10 00:00:00'), Timestamp('2025-08-17 00:00:00'), Timestamp('2025-08-24 00:00:00'), Timestamp('2025-08-31 00:00:00'), Timestamp('2025-09-07 00:00:00'), Timestamp('2025-09-14 00:00:00'), Timestamp('2025-09-21 00:00:00'), Timestamp('2025-09-28 00:00:00')]",14
B0D2PK3CC1,Z790M AORUS ELITE AX ICE,"[Timestamp('2025-08-31 00:00:00'), Timestamp('2025-09-07 00:00:00'), Timestamp('2025-09-14 00:00:00'), Timestamp('2025-09-21 00:00:00'), Timestamp('2025-09-28 00:00:00'), Timestamp('2025-10-05 00:00:00')]",6
B0D2PK3CC1,Z790M AORUS ELITE AX ICE,"[Timestamp('2025-08-31 00:00:00'), Timestamp('2025-09-07 00:00:00'), Timestamp('2025-09-14 00:00:00'), Timestamp('2025-09-21 00:00:00'), Timestamp('2025-09-28 00:00:00'), Timestamp('2025-10-05 00:00:00')]",6
B0DJP9KLLD,Z890 AERO G,"[Timestamp('2025-06-22 00:00:00'), Timestamp('2025-07-06 00:00:00'), Timestamp('2025-08-03 00:00:00'), Timestamp('2025-08-10 00:00:00'), Timestamp('2025-08-17 00:00:00'), Timestamp('2025-08-24 00:00:00'), Timestamp('2025-08-31 00:00:00'), Timestamp('2025-09-07 00:00:00'), Timestamp('2025-09-14 00:00:00'), Timestamp('2025-09-21 00:00:00'), Timestamp('2025-09-28 00:00:00'), Timestamp('2025-10-05 00:00:00')]",12
B0DJP9KLLD,Z890 AERO G,"[Timestamp('2025-06-22 00:00:00'), Timestamp('2025-07-06 00:00:00'), Timestamp('2025-08-03 00:00:00'), Timestamp('2025-08-10 00:00:00'), Timestamp('2025-08-17 00:00:00'), Timestamp('2025-08-24 00:00:00'), Timestamp('2025-08-31 00:00:00'), Timestamp('2025-09-07 00:00:00'), Timestamp('2025-09-14 00:00:00'), Timestamp('2025-09-21 00:00:00'), Timestamp('2025-09-28 00:00:00'), Timestamp('2025-10-05 00:00:00')]",12
B0DJP95MGB,Z890 AORUS ELITE WIFI7,"[Timestamp('2025-06-29 00:00:00'), Timestamp('2025-07-06 00:00:00'), Timestamp('2025-07-13 00:00:00'), Timestamp('2025-07-20 00:00:00'), Timestamp('2025-07-27 00:00:00'), Timestamp('2025-08-03 00:00:00'), Timestamp('2025-08-17 00:00:00'), Timestamp('2025-08-24 00:00:00'), Timestamp('2025-09-07 00:00:00'), Timestamp('2025-09-14 00:00:00'), Timestamp('2025-09-21 00:00:00'), Timestamp('2025-10-05 00:00:00')]",12
B0DJP95MGB,Z890 AORUS ELITE WIFI7,"[Timestamp('2025-06-29 00:00:00'), Timestamp('2025-07-06 00:00:00'), Timestamp('2025-07-13 00:00:00'), Timestamp('2025-07-20 00:00:00'), Timestamp('2025-07-27 00:00:00'), Timestamp('2025-08-03 00:00:00'), Timestamp('2025-08-17 00:00:00'), Timestamp('2025-08-24 00:00:00'), Timestamp('2025-09-07 00:00:00'), Timestamp('2025-09-14 00:00:00'), Timestamp('2025-09-21 00:00:00'), Timestamp('2025-10-05 00:00:00')]",12
B0DJP7NRXX,Z890 AORUS ELITE WIFI7 ICE,"[Timestamp('2025-06-22 00:00:00'), Timestamp('2025-06-29 00:00:00'), Timestamp('2025-07-06 00:00:00'), Timestamp('2025-07-13 00:00:00'), Timestamp('2025-07-20 00:00:00'), Timestamp('2025-08-03 00:00:00'), Timestamp('2025-08-10 00:00:00'), Timestamp('2025-08-17 00:00:00'), Timestamp('2025-08-24 00:00:00'), Timestamp('2025-08-31 00:00:00'), Timestamp('2025-09-07 00:00:00'), Timestamp('2025-09-14 00:00:00'), Timestamp('2025-09-21 00:00:00'), Timestamp('2025-09-28 00:00:00'), Timestamp('2025-10-05 00:00:00')]",15
B0DJP7NRXX,Z890 AORUS ELITE WIFI7 ICE,"[Timestamp('2025-06-22 00:00:00'), Timestamp('2025-06-29 00:00:00'), Timestamp('2025-07-06 00:00:00'), Timestamp('2025-07-13 00:00:00'), Timestamp('2025-07-20 00:00:00'), Timestamp('2025-08-03 00:00:00'), Timestamp('2025-08-10 00:00:00'), Timestamp('2025-08-17 00:00:00'), Timestamp('2025-08-24 00:00:00'), Timestamp('2025-08-31 00:00:00'), Timestamp('2025-09-07 00:00:00'), Timestamp('2025-09-14 00:00:00'), Timestamp('2025-09-21 00:00:00'), Timestamp('2025-09-28 00:00:00'), Timestamp('2025-10-05 00:00:00')]",15
B0DJP76L1F,Z890 AORUS ELITE X ICE,"[Timestamp('2025-06-22 00:00:00'), Timestamp('2025-06-29 00:00:00'), Timestamp('2025-07-06 00:00:00'), Timestamp('2025-07-13 00:00:00'), Timestamp('2025-07-20 00:00:00'), Timestamp('2025-08-17 00:00:00'), Timestamp('2025-08-31 00:00:00'), Timestamp('2025-09-07 00:00:00'), Timestamp('2025-09-14 00:00:00')]",9
B0DJP76L1F,Z890 AORUS ELITE X ICE,"[Timestamp('2025-06-22 00:00:00'), Timestamp('2025-06-29 00:00:00'), Timestamp('2025-07-06 00:00:00'), Timestamp('2025-07-13 00:00:00'), Timestamp('2025-07-20 00:00:00'), Timestamp('2025-08-17 00:00:00'), Timestamp('2025-08-31 00:00:00'), Timestamp('2025-09-07 00:00:00'), Timestamp('2025-09-14 00:00:00')]",9
B0DJP9LCYC,Z890 AORUS MASTER,"[Timestamp('2025-06-22 00:00:00'), Timestamp('2025-06-29 00:00:00'), Timestamp('2025-07-06 00:00:00'), Timestamp('2025-07-27 00:00:00'), Timestamp('2025-08-03 00:00:00'), Timestamp('2025-08-10 00:00:00'), Timestamp('2025-08-17 00:00:00'), Timestamp('2025-08-24 00:00:00'), Timestamp('2025-08-31 00:00:00'), Timestamp('2025-09-07 00:00:00'), Timestamp('2025-09-14 00:00:00'), Timestamp('2025-09-21 00:00:00'), Timestamp('2025-09-28 00:00:00'), Timestamp('2025-10-05 00:00:00')]",14
B0DJP9LCYC,Z890 AORUS MASTER,"[Timestamp('2025-06-22 00:00:00'), Timestamp('2025-06-29 00:00:00'), Timestamp('2025-07-06 00:00:00'), Timestamp('2025-07-27 00:00:00'), Timestamp('2025-08-03 00:00:00'), Timestamp('2025-08-10 00:00:00'), Timestamp('2025-08-17 00:00:00'), Timestamp('2025-08-24 00:00:00'), Timestamp('2025-08-31 00:00:00'), Timestamp('2025-09-07 00:00:00'), Timestamp('2025-09-14 00:00:00'), Timestamp('2025-09-21 00:00:00'), Timestamp('2025-09-28 00:00:00'), Timestamp('2025-10-05 00:00:00')]",14
B0DJP8NFWP,Z890 AORUS PRO ICE,"[Timestamp('2025-07-06 00:00:00'), Timestamp('2025-08-24 00:00:00'), Timestamp('2025-08-31 00:00:00'), Timestamp('2025-09-14 00:00:00'), Timestamp('2025-09-21 00:00:00'), Timestamp('2025-09-28 00:00:00'), Timestamp('2025-10-05 00:00:00')]",7
B0DJP8NFWP,Z890 AORUS PRO ICE,"[Timestamp('2025-07-06 00:00:00'), Timestamp('2025-08-24 00:00:00'), Timestamp('2025-08-31 00:00:00'), Timestamp('2025-09-14 00:00:00'), Timestamp('2025-09-21 00:00:00'), Timestamp('2025-09-28 00:00:00'), Timestamp('2025-10-05 00:00:00')]",7
B0DJP8MMMJ,Z890 EAGLE WIFI7,"[Timestamp('2025-06-22 00:00:00'), Timestamp('2025-06-29 00:00:00'), Timestamp('2025-08-03 00:00:00'), Timestamp('2025-08-10 00:00:00'), Timestamp('2025-08-17 00:00:00'), Timestamp('2025-08-24 00:00:00'), Timestamp('2025-08-31 00:00:00'), Timestamp('2025-09-14 00:00:00'), Timestamp('2025-09-21 00:00:00'), Timestamp('2025-09-28 00:00:00')]",10
B0DJP8MMMJ,Z890 EAGLE WIFI7,"[Timestamp('2025-06-22 00:00:00'), Timestamp('2025-06-29 00:00:00'), Timestamp('2025-08-03 00:00:00'), Timestamp('2025-08-10 00:00:00'), Timestamp('2025-08-17 00:00:00'), Timestamp('2025-08-24 00:00:00'), Timestamp('2025-08-31 00:00:00'), Timestamp('2025-09-14 00:00:00'), Timestamp('2025-09-21 00:00:00'), Timestamp('2025-09-28 00:00:00')]",10
B0DJP9DBVS,Z890 GAMING X WIFI7,"[Timestamp('2025-07-06 00:00:00'), Timestamp('2025-08-31 00:00:00'), Timestamp('2025-09-07 00:00:00'), Timestamp('2025-09-28 00:00:00')]",4
B0DJP9DBVS,Z890 GAMING X WIFI7,"[Timestamp('2025-07-06 00:00:00'), Timestamp('2025-08-31 00:00:00'), Timestamp('2025-09-07 00:00:00'), Timestamp('2025-09-28 00:00:00')]",4
B0DJP8W3BY,Z890 UD WIFI6E,"[Timestamp('2025-06-29 00:00:00'), Timestamp('2025-07-13 00:00:00'), Timestamp('2025-08-10 00:00:00'), Timestamp('2025-08-17 00:00:00'), Timestamp('2025-08-24 00:00:00'), Timestamp('2025-09-14 00:00:00'), Timestamp('2025-09-21 00:00:00'), Timestamp('2025-09-28 00:00:00')]",8
B0DJP8W3BY,Z890 UD WIFI6E,"[Timestamp('2025-06-29 00:00:00'), Timestamp('2025-07-13 00:00:00'), Timestamp('2025-08-10 00:00:00'), Timestamp('2025-08-17 00:00:00'), Timestamp('2025-08-24 00:00:00'), Timestamp('2025-09-14 00:00:00'), Timestamp('2025-09-21 00:00:00'), Timestamp('2025-09-28 00:00:00')]",8
B0DJP82ML2,Z890I AORUS ULTRA,"[Timestamp('2025-07-20 00:00:00'), Timestamp('2025-08-17 00:00:00')]",2
B0DJP82ML2,Z890I AORUS ULTRA,"[Timestamp('2025-07-20 00:00:00'), Timestamp('2025-08-17 00:00:00')]",2
B0DJP8Q6JK,Z890M AORUS ELITE WIFI7 ICE,"[Timestamp('2025-06-22 00:00:00'), Timestamp('2025-06-29 00:00:00'), Timestamp('2025-07-06 00:00:00'), Timestamp('2025-07-13 00:00:00'), Timestamp('2025-07-20 00:00:00'), Timestamp('2025-07-27 00:00:00'), Timestamp('2025-08-03 00:00:00'), Timestamp('2025-08-10 00:00:00'), Timestamp('2025-08-17 00:00:00'), Timestamp('2025-08-24 00:00:00'), Timestamp('2025-08-31 00:00:00'), Timestamp('2025-09-07 00:00:00'), Timestamp('2025-09-14 00:00:00'), Timestamp('2025-09-21 00:00:00'), Timestamp('2025-09-28 00:00:00'), Timestamp('2025-10-05 00:00:00')]",16
B0DJP8Q6JK,Z890M AORUS ELITE WIFI7 ICE,"[Timestamp('2025-06-22 00:00:00'), Timestamp('2025-06-29 00:00:00'), Timestamp('2025-07-06 00:00:00'), Timestamp('2025-07-13 00:00:00'), Timestamp('2025-07-20 00:00:00'), Timestamp('2025-07-27 00:00:00'), Timestamp('2025-08-03 00:00:00'), Timestamp('2025-08-10 00:00:00'), Timestamp('2025-08-17 00:00:00'), Timestamp('2025-08-24 00:00:00'), Timestamp('2025-08-31 00:00:00'), Timestamp('2025-09-07 00:00:00'), Timestamp('2025-09-14 00:00:00'), Timestamp('2025-09-21 00:00:00'), Timestamp('2025-09-28 00:00:00'), Timestamp('2025-10-05 00:00:00')]",16
B0DJP9FZYK,Z890M GAMING X,"[Timestamp('2025-06-22 00:00:00'), Timestamp('2025-07-06 00:00:00'), Timestamp('2025-07-27 00:00:00'), Timestamp('2025-08-03 00:00:00'), Timestamp('2025-08-10 00:00:00'), Timestamp('2025-08-17 00:00:00'), Timestamp('2025-08-24 00:00:00'), Timestamp('2025-08-31 00:00:00'), Timestamp('2025-09-07 00:00:00'), Timestamp('2025-09-14 00:00:00'), Timestamp('2025-09-21 00:00:00'), Timestamp('2025-09-28 00:00:00'), Timestamp('2025-10-05 00:00:00')]",13
B0DJP9FZYK,Z890M GAMING X,"[Timestamp('2025-06-22 00:00:00'), Timestamp('2025-07-06 00:00:00'), Timestamp('2025-07-27 00:00:00'), Timestamp('2025-08-03 00:00:00'), Timestamp('2025-08-10 00:00:00'), Timestamp('2025-08-17 00:00:00'), Timestamp('2025-08-24 00:00:00'), Timestamp('2025-08-31 00:00:00'), Timestamp('2025-09-07 00:00:00'), Timestamp('2025-09-14 00:00:00'), Timestamp('2025-09-21 00:00:00'), Timestamp('2025-09-28 00:00:00'), Timestamp('2025-10-05 00:00:00')]",13
B0DFHQVCBV,TRX50 AI TOP,"[Timestamp('2025-06-15 00:00:00'), Timestamp('2025-06-22 00:00:00'), Timestamp('2025-06-29 00:00:00'), Timestamp('2025-07-06 00:00:00'), Timestamp('2025-07-13 00:00:00'), Timestamp('2025-07-20 00:00:00'), Timestamp('2025-07-27 00:00:00'), Timestamp('2025-08-03 00:00:00'), Timestamp('2025-08-10 00:00:00'), Timestamp('2025-08-17 00:00:00'), Timestamp('2025-08-24 00:00:00'), Timestamp('2025-08-31 00:00:00'), Timestamp('2025-09-07 00:00:00'), Timestamp('2025-09-14 00:00:00'), Timestamp('2025-09-21 00:00:00'), Timestamp('2025-09-28 00:00:00')]",16
B0DFHQVCBV,TRX50 AI TOP,"[Timestamp('2025-06-15 00:00:00'), Timestamp('2025-06-22 00:00:00'), Timestamp('2025-06-29 00:00:00'), Timestamp('2025-07-06 00:00:00'), Timestamp('2025-07-13 00:00:00'), Timestamp('2025-07-20 00:00:00'), Timestamp('2025-07-27 00:00:00'), Timestamp('2025-08-03 00:00:00'), Timestamp('2025-08-10 00:00:00'), Timestamp('2025-08-17 00:00:00'), Timestamp('2025-08-24 00:00:00'), Timestamp('2025-08-31 00:00:00'), Timestamp('2025-09-07 00:00:00'), Timestamp('2025-09-14 00:00:00'), Timestamp('2025-09-21 00:00:00'), Timestamp('2025-09-28 00:00:00')]",16
B083WFQC1C,X870E AORUS XTREME AI TOP,"[Timestamp('2025-06-22 00:00:00'), Timestamp('2025-06-29 00:00:00'), Timestamp('2025-07-06 00:00:00'), Timestamp('2025-07-13 00:00:00'), Timestamp('2025-07-20 00:00:00'), Timestamp('2025-07-27 00:00:00'), Timestamp('2025-08-03 00:00:00'), Timestamp('2025-08-10 00:00:00'), Timestamp('2025-08-17 00:00:00'), Timestamp('2025-08-24 00:00:00'), Timestamp('2025-08-31 00:00:00'), Timestamp('2025-09-07 00:00:00'), Timestamp('2025-09-14 00:00:00'), Timestamp('2025-09-21 00:00:00'), Timestamp('2025-09-28 00:00:00'), Timestamp('2025-10-05 00:00:00')]",16
B083WFQC1C,X870E AORUS XTREME AI TOP,"[Timestamp('2025-06-22 00:00:00'), Timestamp('2025-06-29 00:00:00'), Timestamp('2025-07-06 00:00:00'), Timestamp('2025-07-13 00:00:00'), Timestamp('2025-07-20 00:00:00'), Timestamp('2025-07-27 00:00:00'), Timestamp('2025-08-03 00:00:00'), Timestamp('2025-08-10 00:00:00'), Timestamp('2025-08-17 00:00:00'), Timestamp('2025-08-24 00:00:00'), Timestamp('2025-08-31 00:00:00'), Timestamp('2025-09-07 00:00:00'), Timestamp('2025-09-14 00:00:00'), Timestamp('2025-09-21 00:00:00'), Timestamp('2025-09-28 00:00:00'), Timestamp('2025-10-05 00:00:00')]",16
B0DQLJVH25,B850 AI TOP,"[Timestamp('2025-08-17 00:00:00'), Timestamp('2025-09-28 00:00:00')]",2
B0DQLJVH25,B850 AI TOP,"[Timestamp('2025-08-17 00:00:00'), Timestamp('2025-09-28 00:00:00')]",2
B0DQLHVQSF,B850 AORUS ELITE WIFI7,"[Timestamp('2025-06-22 00:00:00'), Timestamp('2025-06-29 00:00:00'), Timestamp('2025-07-06 00:00:00'), Timestamp('2025-07-13 00:00:00'), Timestamp('2025-07-20 00:00:00'), Timestamp('2025-07-27 00:00:00'), Timestamp('2025-08-03 00:00:00'), Timestamp('2025-08-10 00:00:00'), Timestamp('2025-08-17 00:00:00'), Timestamp('2025-08-24 00:00:00'), Timestamp('2025-08-31 00:00:00'), Timestamp('2025-09-07 00:00:00'), Timestamp('2025-09-14 00:00:00'), Timestamp('2025-09-21 00:00:00'), Timestamp('2025-09-28 00:00:00'), Timestamp('2025-10-05 00:00:00')]",16
B0DQLHVQSF,B850 AORUS ELITE WIFI7,"[Timestamp('2025-06-22 00:00:00'), Timestamp('2025-06-29 00:00:00'), Timestamp('2025-07-06 00:00:00'), Timestamp('2025-07-13 00:00:00'), Timestamp('2025-07-20 00:00:00'), Timestamp('2025-07-27 00:00:00'), Timestamp('2025-08-03 00:00:00'), Timestamp('2025-08-10 00:00:00'), Timestamp('2025-08-17 00:00:00'), Timestamp('2025-08-24 00:00:00'), Timestamp('2025-08-31 00:00:00'), Timestamp('2025-09-07 00:00:00'), Timestamp('2025-09-14 00:00:00'), Timestamp('2025-09-21 00:00:00'), Timestamp('2025-09-28 00:00:00'), Timestamp('2025-10-05 00:00:00')]",16
B0DQLKRXKW,B850 AORUS ELITE WIFI7 ICE,"[Timestamp('2025-06-22 00:00:00'), Timestamp('2025-06-29 00:00:00'), Timestamp('2025-07-06 00:00:00'), Timestamp('2025-07-13 00:00:00'), Timestamp('2025-07-20 00:00:00'), Timestamp('2025-07-27 00:00:00'), Timestamp('2025-08-03 00:00:00'), Timestamp('2025-08-10 00:00:00'), Timestamp('2025-08-17 00:00:00'), Timestamp('2025-08-24 00:00:00'), Timestamp('2025-08-31 00:00:00'), Timestamp('2025-09-07 00:00:00'), Timestamp('2025-09-14 00:00:00'), Timestamp('2025-09-21 00:00:00'), Timestamp('2025-09-28 00:00:00'), Timestamp('2025-10-05 00:00:00')]",16
B0DQLKRXKW,B850 AORUS ELITE WIFI7 ICE,"[Timestamp('2025-06-22 00:00:00'), Timestamp('2025-06-29 00:00:00'), Timestamp('2025-07-06 00:00:00'), Timestamp('2025-07-13 00:00:00'), Timestamp('2025-07-20 00:00:00'), Timestamp('2025-07-27 00:00:00'), Timestamp('2025-08-03 00:00:00'), Timestamp('2025-08-10 00:00:00'), Timestamp('2025-08-17 00:00:00'), Timestamp('2025-08-24 00:00:00'), Timestamp('2025-08-31 00:00:00'), Timestamp('2025-09-07 00:00:00'), Timestamp('2025-09-14 00:00:00'), Timestamp('2025-09-21 00:00:00'), Timestamp('2025-09-28 00:00:00'), Timestamp('2025-10-05 00:00:00')]",16
B0DQLJWRDX,B850 EAGLE WIFI6E,"[Timestamp('2025-06-22 00:00:00'), Timestamp('2025-06-29 00:00:00'), Timestamp('2025-07-06 00:00:00'), Timestamp('2025-07-13 00:00:00'), Timestamp('2025-07-20 00:00:00'), Timestamp('2025-08-03 00:00:00'), Timestamp('2025-08-10 00:00:00'), Timestamp('2025-08-24 00:00:00'), Timestamp('2025-09-07 00:00:00'), Timestamp('2025-09-14 00:00:00'), Timestamp('2025-09-28 00:00:00')]",11
B0DQLJWRDX,B850 EAGLE WIFI6E,"[Timestamp('2025-06-22 00:00:00'), Timestamp('2025-06-29 00:00:00'), Timestamp('2025-07-06 00:00:00'), Timestamp('2025-07-13 00:00:00'), Timestamp('2025-07-20 00:00:00'), Timestamp('2025-08-03 00:00:00'), Timestamp('2025-08-10 00:00:00'), Timestamp('2025-08-24 00:00:00'), Timestamp('2025-09-07 00:00:00'), Timestamp('2025-09-14 00:00:00'), Timestamp('2025-09-28 00:00:00')]",11
B0DQLKZSKF,B850 GAMING WIFI6,"[Timestamp('2025-06-22 00:00:00'), Timestamp('2025-06-29 00:00:00'), Timestamp('2025-07-06 00:00:00'), Timestamp('2025-07-13 00:00:00'), Timestamp('2025-07-20 00:00:00'), Timestamp('2025-07-27 00:00:00'), Timestamp('2025-08-03 00:00:00'), Timestamp('2025-08-10 00:00:00'), Timestamp('2025-08-17 00:00:00'), Timestamp('2025-08-24 00:00:00'), Timestamp('2025-08-31 00:00:00'), Timestamp('2025-09-07 00:00:00'), Timestamp('2025-09-14 00:00:00'), Timestamp('2025-09-21 00:00:00'), Timestamp('2025-09-28 00:00:00'), Timestamp('2025-10-05 00:00:00')]",16
B0DQLKZSKF,B850 GAMING WIFI6,"[Timestamp('2025-06-22 00:00:00'), Timestamp('2025-06-29 00:00:00'), Timestamp('2025-07-06 00:00:00'), Timestamp('2025-07-13 00:00:00'), Timestamp('2025-07-20 00:00:00'), Timestamp('2025-07-27 00:00:00'), Timestamp('2025-08-03 00:00:00'), Timestamp('2025-08-10 00:00:00'), Timestamp('2025-08-17 00:00:00'), Timestamp('2025-08-24 00:00:00'), Timestamp('2025-08-31 00:00:00'), Timestamp('2025-09-07 00:00:00'), Timestamp('2025-09-14 00:00:00'), Timestamp('2025-09-21 00:00:00'), Timestamp('2025-09-28 00:00:00'), Timestamp('2025-10-05 00:00:00')]",16
B0DQLH22F6,B850 GAMING X WIFI6E,"[Timestamp('2025-06-22 00:00:00'), Timestamp('2025-06-29 00:00:00'), Timestamp('2025-07-06 00:00:00'), Timestamp('2025-07-13 00:00:00'), Timestamp('2025-07-20 00:00:00'), Timestamp('2025-07-27 00:00:00'), Timestamp('2025-08-03 00:00:00'), Timestamp('2025-08-10 00:00:00'), Timestamp('2025-08-17 00:00:00'), Timestamp('2025-08-24 00:00:00'), Timestamp('2025-08-31 00:00:00'), Timestamp('2025-09-07 00:00:00'), Timestamp('2025-09-14 00:00:00'), Timestamp('2025-09-21 00:00:00'), Timestamp('2025-09-28 00:00:00'), Timestamp('2025-10-05 00:00:00')]",16
B0DQLH22F6,B850 GAMING X WIFI6E,"[Timestamp('2025-06-22 00:00:00'), Timestamp('2025-06-29 00:00:00'), Timestamp('2025-07-06 00:00:00'), Timestamp('2025-07-13 00:00:00'), Timestamp('2025-07-20 00:00:00'), Timestamp('2025-07-27 00:00:00'), Timestamp('2025-08-03 00:00:00'), Timestamp('2025-08-10 00:00:00'), Timestamp('2025-08-17 00:00:00'), Timestamp('2025-08-24 00:00:00'), Timestamp('2025-08-31 00:00:00'), Timestamp('2025-09-07 00:00:00'), Timestamp('2025-09-14 00:00:00'), Timestamp('2025-09-21 00:00:00'), Timestamp('2025-09-28 00:00:00'), Timestamp('2025-10-05 00:00:00')]",16
B0DQLKPSMG,B850I AORUS PRO,"[Timestamp('2025-06-29 00:00:00'), Timestamp('2025-07-06 00:00:00'), Timestamp('2025-07-20 00:00:00'), Timestamp('2025-07-27 00:00:00'), Timestamp('2025-08-03 00:00:00'), Timestamp('2025-08-10 00:00:00'), Timestamp('2025-08-17 00:00:00'), Timestamp('2025-08-24 00:00:00'), Timestamp('2025-08-31 00:00:00'), Timestamp('2025-09-07 00:00:00'), Timestamp('2025-09-14 00:00:00'), Timestamp('2025-09-21 00:00:00'), Timestamp('2025-09-28 00:00:00')]",13
B0DQLKPSMG,B850I AORUS PRO,"[Timestamp('2025-06-29 00:00:00'), Timestamp('2025-07-06 00:00:00'), Timestamp('2025-07-20 00:00:00'), Timestamp('2025-07-27 00:00:00'), Timestamp('2025-08-03 00:00:00'), Timestamp('2025-08-10 00:00:00'), Timestamp('2025-08-17 00:00:00'), Timestamp('2025-08-24 00:00:00'), Timestamp('2025-08-31 00:00:00'), Timestamp('2025-09-07 00:00:00'), Timestamp('2025-09-14 00:00:00'), Timestamp('2025-09-21 00:00:00'), Timestamp('2025-09-28 00:00:00')]",13
B0DQLJGTRM,B850M AORUS ELITE WIFI6E ICE,"[Timestamp('2025-06-22 00:00:00'), Timestamp('2025-06-29 00:00:00'), Timestamp('2025-07-06 00:00:00'), Timestamp('2025-07-13 00:00:00'), Timestamp('2025-07-20 00:00:00'), Timestamp('2025-07-27 00:00:00'), Timestamp('2025-08-03 00:00:00'), Timestamp('2025-08-10 00:00:00'), Timestamp('2025-08-17 00:00:00'), Timestamp('2025-08-24 00:00:00'), Timestamp('2025-08-31 00:00:00'), Timestamp('2025-09-07 00:00:00'), Timestamp('2025-09-14 00:00:00'), Timestamp('2025-09-21 00:00:00'), Timestamp('2025-09-28 00:00:00'), Timestamp('2025-10-05 00:00:00')]",16
B0DQLJGTRM,B850M AORUS ELITE WIFI6E ICE,"[Timestamp('2025-06-22 00:00:00'), Timestamp('2025-06-29 00:00:00'), Timestamp('2025-07-06 00:00:00'), Timestamp('2025-07-13 00:00:00'), Timestamp('2025-07-20 00:00:00'), Timestamp('2025-07-27 00:00:00'), Timestamp('2025-08-03 00:00:00'), Timestamp('2025-08-10 00:00:00'), Timestamp('2025-08-17 00:00:00'), Timestamp('2025-08-24 00:00:00'), Timestamp('2025-08-31 00:00:00'), Timestamp('2025-09-07 00:00:00'), Timestamp('2025-09-14 00:00:00'), Timestamp('2025-09-21 00:00:00'), Timestamp('2025-09-28 00:00:00'), Timestamp('2025-10-05 00:00:00')]",16
B0DQLJHJ8B,B850M DS3H,"[Timestamp('2025-06-22 00:00:00'), Timestamp('2025-06-29 00:00:00'), Timestamp('2025-07-13 00:00:00'), Timestamp('2025-07-20 00:00:00'), Timestamp('2025-07-27 00:00:00'), Timestamp('2025-08-03 00:00:00'), Timestamp('2025-08-10 00:00:00'), Timestamp('2025-08-17 00:00:00'), Timestamp('2025-08-24 00:00:00'), Timestamp('2025-08-31 00:00:00'), Timestamp('2025-09-07 00:00:00'), Timestamp('2025-09-14 00:00:00'), Timestamp('2025-09-21 00:00:00'), Timestamp('2025-09-28 00:00:00'), Timestamp('2025-10-05 00:00:00')]",15
B0DQLJHJ8B,B850M DS3H,"[Timestamp('2025-06-22 00:00:00'), Timestamp('2025-06-29 00:00:00'), Timestamp('2025-07-13 00:00:00'), Timestamp('2025-07-20 00:00:00'), Timestamp('2025-07-27 00:00:00'), Timestamp('2025-08-03 00:00:00'), Timestamp('2025-08-10 00:00:00'), Timestamp('2025-08-17 00:00:00'), Timestamp('2025-08-24 00:00:00'), Timestamp('2025-08-31 00:00:00'), Timestamp('2025-09-07 00:00:00'), Timestamp('2025-09-14 00:00:00'), Timestamp('2025-09-21 00:00:00'), Timestamp('2025-09-28 00:00:00'), Timestamp('2025-10-05 00:00:00')]",15
B0DQLHLVLK,B850M GAMING X WIFI6E,"[Timestamp('2025-08-17 00:00:00'), Timestamp('2025-08-24 00:00:00'), Timestamp('2025-08-31 00:00:00'), Timestamp('2025-09-07 00:00:00'), Timestamp('2025-09-14 00:00:00'), Timestamp('2025-09-21 00:00:00'), Timestamp('2025-09-28 00:00:00'), Timestamp('2025-10-05 00:00:00')]",8
B0DQLHLVLK,B850M GAMING X WIFI6E,"[Timestamp('2025-08-17 00:00:00'), Timestamp('2025-08-24 00:00:00'), Timestamp('2025-08-31 00:00:00'), Timestamp('2025-09-07 00:00:00'), Timestamp('2025-09-14 00:00:00'), Timestamp('2025-09-21 00:00:00'), Timestamp('2025-09-28 00:00:00'), Timestamp('2025-10-05 00:00:00')]",8
B083WG2VDF,X870I AORUS PRO ICE,"[Timestamp('2025-06-22 00:00:00'), Timestamp('2025-06-29 00:00:00'), Timestamp('2025-07-13 00:00:00'), Timestamp('2025-07-20 00:00:00'), Timestamp('2025-07-27 00:00:00'), Timestamp('2025-08-03 00:00:00'), Timestamp('2025-08-10 00:00:00'), Timestamp('2025-08-17 00:00:00'), Timestamp('2025-08-24 00:00:00'), Timestamp('2025-08-31 00:00:00'), Timestamp('2025-09-07 00:00:00'), Timestamp('2025-09-14 00:00:00'), Timestamp('2025-09-21 00:00:00'), Timestamp('2025-09-28 00:00:00'), Timestamp('2025-10-05 00:00:00')]",15
B083WG2VDF,X870I AORUS PRO ICE,"[Timestamp('2025-06-22 00:00:00'), Timestamp('2025-06-29 00:00:00'), Timestamp('2025-07-13 00:00:00'), Timestamp('2025-07-20 00:00:00'), Timestamp('2025-07-27 00:00:00'), Timestamp('2025-08-03 00:00:00'), Timestamp('2025-08-10 00:00:00'), Timestamp('2025-08-17 00:00:00'), Timestamp('2025-08-24 00:00:00'), Timestamp('2025-08-31 00:00:00'), Timestamp('2025-09-07 00:00:00'), Timestamp('2025-09-14 00:00:00'), Timestamp('2025-09-21 00:00:00'), Timestamp('2025-09-28 00:00:00'), Timestamp('2025-10-05 00:00:00')]",15
B083WFWPJQ,Z890 AORUS XTREME AI TOP,"[Timestamp('2025-06-22 00:00:00'), Timestamp('2025-06-29 00:00:00'), Timestamp('2025-07-06 00:00:00'), Timestamp('2025-07-13 00:00:00'), Timestamp('2025-07-20 00:00:00'), Timestamp('2025-07-27 00:00:00'), Timestamp('2025-08-03 00:00:00'), Timestamp('2025-08-10 00:00:00'), Timestamp('2025-08-17 00:00:00'), Timestamp('2025-08-24 00:00:00'), Timestamp('2025-08-31 00:00:00'), Timestamp('2025-09-07 00:00:00'), Timestamp('2025-09-14 00:00:00'), Timestamp('2025-09-21 00:00:00'), Timestamp('2025-09-28 00:00:00'), Timestamp('2025-10-05 00:00:00')]",16
B083WFWPJQ,Z890 AORUS XTREME AI TOP,"[Timestamp('2025-06-22 00:00:00'), Timestamp('2025-06-29 00:00:00'), Timestamp('2025-07-06 00:00:00'), Timestamp('2025-07-13 00:00:00'), Timestamp('2025-07-20 00:00:00'), Timestamp('2025-07-27 00:00:00'), Timestamp('2025-08-03 00:00:00'), Timestamp('2025-08-10 00:00:00'), Timestamp('2025-08-17 00:00:00'), Timestamp('2025-08-24 00:00:00'), Timestamp('2025-08-31 00:00:00'), Timestamp('2025-09-07 00:00:00'), Timestamp('2025-09-14 00:00:00'), Timestamp('2025-09-21 00:00:00'), Timestamp('2025-09-28 00:00:00'), Timestamp('2025-10-05 00:00:00')]",16
B0DQLH4ZTR,B860 AORUS ELITE WIFI7 ICE,"[Timestamp('2025-06-22 00:00:00'), Timestamp('2025-06-29 00:00:00'), Timestamp('2025-07-13 00:00:00'), Timestamp('2025-07-20 00:00:00'), Timestamp('2025-08-03 00:00:00'), Timestamp('2025-08-10 00:00:00'), Timestamp('2025-08-17 00:00:00'), Timestamp('2025-08-24 00:00:00'), Timestamp('2025-08-31 00:00:00'), Timestamp('2025-09-07 00:00:00'), Timestamp('2025-09-14 00:00:00'), Timestamp('2025-09-21 00:00:00'), Timestamp('2025-10-05 00:00:00')]",13
B0DQLH4ZTR,B860 AORUS ELITE WIFI7 ICE,"[Timestamp('2025-06-22 00:00:00'), Timestamp('2025-06-29 00:00:00'), Timestamp('2025-07-13 00:00:00'), Timestamp('2025-07-20 00:00:00'), Timestamp('2025-08-03 00:00:00'), Timestamp('2025-08-10 00:00:00'), Timestamp('2025-08-17 00:00:00'), Timestamp('2025-08-24 00:00:00'), Timestamp('2025-08-31 00:00:00'), Timestamp('2025-09-07 00:00:00'), Timestamp('2025-09-14 00:00:00'), Timestamp('2025-09-21 00:00:00'), Timestamp('2025-10-05 00:00:00')]",13
B0DQLJRY8C,B860 EAGLE WIFI6E,"[Timestamp('2025-06-22 00:00:00'), Timestamp('2025-07-06 00:00:00'), Timestamp('2025-07-20 00:00:00')]",3
B0DQLJRY8C,B860 EAGLE WIFI6E,"[Timestamp('2025-06-22 00:00:00'), Timestamp('2025-07-06 00:00:00'), Timestamp('2025-07-20 00:00:00')]",3
B0DQLLLHYY,B860 GAMING X WIFI6E,"[Timestamp('2025-07-06 00:00:00'), Timestamp('2025-07-13 00:00:00'), Timestamp('2025-08-10 00:00:00'), Timestamp('2025-08-17 00:00:00'), Timestamp('2025-08-24 00:00:00'), Timestamp('2025-08-31 00:00:00'), Timestamp('2025-09-14 00:00:00'), Timestamp('2025-09-21 00:00:00'), Timestamp('2025-09-28 00:00:00'), Timestamp('2025-10-05 00:00:00')]",10
B0DQLLLHYY,B860 GAMING X WIFI6E,"[Timestamp('2025-07-06 00:00:00'), Timestamp('2025-07-13 00:00:00'), Timestamp('2025-08-10 00:00:00'), Timestamp('2025-08-17 00:00:00'), Timestamp('2025-08-24 00:00:00'), Timestamp('2025-08-31 00:00:00'), Timestamp('2025-09-14 00:00:00'), Timestamp('2025-09-21 00:00:00'), Timestamp('2025-09-28 00:00:00'), Timestamp('2025-10-05 00:00:00')]",10
B0DQLGMGVP,B860M AORUS ELITE WIFI6E ICE,"[Timestamp('2025-09-14 00:00:00'), Timestamp('2025-09-21 00:00:00'), Timestamp('2025-09-28 00:00:00')]",3
B0DQLGMGVP,B860M AORUS ELITE WIFI6E ICE,"[Timestamp('2025-09-14 00:00:00'), Timestamp('2025-09-21 00:00:00'), Timestamp('2025-09-28 00:00:00')]",3
B0DQLGCVN3,B860M AORUS ELITE WIFI6E ,"[Timestamp('2025-06-22 00:00:00'), Timestamp('2025-06-29 00:00:00'), Timestamp('2025-07-13 00:00:00'), Timestamp('2025-07-20 00:00:00'), Timestamp('2025-07-27 00:00:00'), Timestamp('2025-08-03 00:00:00'), Timestamp('2025-08-10 00:00:00'), Timestamp('2025-08-17 00:00:00'), Timestamp('2025-08-24 00:00:00'), Timestamp('2025-08-31 00:00:00'), Timestamp('2025-09-07 00:00:00'), Timestamp('2025-09-14 00:00:00'), Timestamp('2025-09-21 00:00:00'), Timestamp('2025-09-28 00:00:00'), Timestamp('2025-10-05 00:00:00')]",15
B0DQLGCVN3,B860M AORUS ELITE WIFI6E ,"[Timestamp('2025-06-22 00:00:00'), Timestamp('2025-06-29 00:00:00'), Timestamp('2025-07-13 00:00:00'), Timestamp('2025-07-20 00:00:00'), Timestamp('2025-07-27 00:00:00'), Timestamp('2025-08-03 00:00:00'), Timestamp('2025-08-10 00:00:00'), Timestamp('2025-08-17 00:00:00'), Timestamp('2025-08-24 00:00:00'), Timestamp('2025-08-31 00:00:00'), Timestamp('2025-09-07 00:00:00'), Timestamp('2025-09-14 00:00:00'), Timestamp('2025-09-21 00:00:00'), Timestamp('2025-09-28 00:00:00'), Timestamp('2025-10-05 00:00:00')]",15
B0DQLK9S2V,B860M EAGLE PLUS WIFI6E ,"[Timestamp('2025-06-22 00:00:00'), Timestamp('2025-06-29 00:00:00'), Timestamp('2025-07-06 00:00:00'), Timestamp('2025-07-13 00:00:00'), Timestamp('2025-07-20 00:00:00'), Timestamp('2025-07-27 00:00:00'), Timestamp('2025-08-03 00:00:00'), Timestamp('2025-08-10 00:00:00'), Timestamp('2025-08-17 00:00:00'), Timestamp('2025-08-24 00:00:00'), Timestamp('2025-09-07 00:00:00'), Timestamp('2025-09-14 00:00:00'), Timestamp('2025-09-21 00:00:00'), Timestamp('2025-09-28 00:00:00'), Timestamp('2025-10-05 00:00:00')]",15
B0DQLK9S2V,B860M EAGLE PLUS WIFI6E ,"[Timestamp('2025-06-22 00:00:00'), Timestamp('2025-06-29 00:00:00'), Timestamp('2025-07-06 00:00:00'), Timestamp('2025-07-13 00:00:00'), Timestamp('2025-07-20 00:00:00'), Timestamp('2025-07-27 00:00:00'), Timestamp('2025-08-03 00:00:00'), Timestamp('2025-08-10 00:00:00'), Timestamp('2025-08-17 00:00:00'), Timestamp('2025-08-24 00:00:00'), Timestamp('2025-09-07 00:00:00'), Timestamp('2025-09-14 00:00:00'), Timestamp('2025-09-21 00:00:00'), Timestamp('2025-09-28 00:00:00'), Timestamp('2025-10-05 00:00:00')]",15
